﻿AÑO;MES;DISTRITO;CODIGO DISTRITO;FUEGOS;DAÑOS EN CONSTRUCCION;SALVAMENTOS Y RESCATES;DAÑOS POR AGUA;INCIDENTES DIVERSOS;SALIDAS SIN INTERVENCION;SERVICIOS VARIOS
2025;febrero;CENTRO;1;24;18;52;30;51;8;12
2025;febrero;ARGANZUELA;2;15;6;21;8;15;1;4
2025;febrero;RETIRO;3;7;4;20;2;11;3;0
2025;febrero;SALAMANCA;4;11;11;31;11;17;6;4
2025;febrero;CHAMARTIN;5;8;4;26;5;18;6;6
2025;febrero;TETUAN;6;21;7;30;12;28;7;1
2025;febrero;CHAMBERI;7;23;10;22;13;16;0;5
2025;febrero;FUENCARRAL-EL PARDO;8;15;7;35;10;28;4;8
2025;febrero;MONCLOA-ARAVACA;9;12;2;22;12;32;3;5
2025;febrero;LATINA;10;15;6;36;11;25;1;2
2025;febrero;CARABANCHEL;11;39;2;35;12;24;4;0
2025;febrero;USERA;12;19;2;20;6;12;3;10
2025;febrero;PUENTE VALLECAS;13;41;5;41;13;34;3;5
2025;febrero;MORATALAZ;14;8;2;14;3;5;4;2
2025;febrero;CIUDAD LINEAL;15;13;3;40;9;27;5;2
2025;febrero;HORTALEZA;16;10;2;14;5;19;1;1
2025;febrero;VILLAVERDE;17;26;4;31;11;18;1;0
2025;febrero;VILLA DE VALLECAS;18;20;0;20;9;14;4;2
2025;febrero;VICALVARO;19;2;0;6;1;12;0;7
2025;febrero;SAN BLAS-CANILLEJAS;20;24;2;17;10;21;2;12
2025;febrero;BARAJAS;21;7;1;8;0;13;3;3
2025;febrero;FUERA DEL TÉRMINO MUNICIPAL;0;2;0;2;0;1;0;3
2025;enero;CENTRO;1;25;19;26;25;44;11;15
2025;enero;ARGANZUELA;2;15;8;33;9;27;8;12
2025;enero;RETIRO;3;12;2;22;14;16;2;4
2025;enero;SALAMANCA;4;10;7;37;20;29;5;10
2025;enero;CHAMARTIN;5;13;5;28;13;22;5;6
2025;enero;TETUAN;6;17;13;29;14;28;2;7
2025;enero;CHAMBERI;7;17;10;31;9;23;2;7
2025;enero;FUENCARRAL-EL PARDO;8;34;7;39;12;36;4;9
2025;enero;MONCLOA-ARAVACA;9;17;3;26;8;41;4;2
2025;enero;LATINA;10;27;7;34;24;24;5;7
2025;enero;CARABANCHEL;11;40;8;40;18;32;10;3
2025;enero;USERA;12;34;4;32;7;25;3;2
2025;enero;PUENTE VALLECAS;13;44;9;36;13;29;8;3
2025;enero;MORATALAZ;14;8;2;18;8;16;4;2
2025;enero;CIUDAD LINEAL;15;16;6;29;14;36;7;3
2025;enero;HORTALEZA;16;18;3;29;7;27;3;3
2025;enero;VILLAVERDE;17;43;7;19;11;20;6;10
2025;enero;VILLA DE VALLECAS;18;41;1;18;4;24;5;0
2025;enero;VICALVARO;19;13;1;9;6;14;0;0
2025;enero;SAN BLAS-CANILLEJAS;20;17;3;25;8;19;4;4
2025;enero;BARAJAS;21;4;0;4;1;14;4;2
2025;enero;FUERA DEL TÉRMINO MUNICIPAL;0;3;0;3;0;13;1;9
