Date,Reservations,Neighbourhood,Room_Type,Price,Host_Name
01-01-2019,1599,Malasaña,Entire home/apt,255,Host_0
02-01-2019,1365,Salamanca,Private room,121,Host_1
03-01-2019,1262,Retiro,Private room,292,Host_2
04-01-2019,1633,Centro,Private room,178,Host_3
05-01-2019,1298,Malasaña,Private room,225,Host_4
06-01-2019,1229,Centro,Private room,202,Host_5
07-01-2019,1657,Retiro,Private room,73,Host_6
08-01-2019,1946,Malasaña,Entire home/apt,224,Host_7
09-01-2019,1029,Retiro,Shared room,133,Host_8
10-01-2019,1451,Salamanca,Shared room,169,Host_9
11-01-2019,1000,Retiro,Private room,271,Host_10
12-01-2019,1479,Salamanca,Private room,118,Host_11
13-01-2019,1097,Retiro,Shared room,244,Host_12
14-01-2019,1697,Centro,Entire home/apt,209,Host_13
15-01-2019,1305,Centro,Private room,194,Host_14
16-01-2019,1352,Malasaña,Shared room,238,Host_15
17-01-2019,1830,Centro,Shared room,155,Host_16
18-01-2019,1123,Centro,Private room,118,Host_17
19-01-2019,1550,Salamanca,Shared room,60,Host_18
20-01-2019,1157,Centro,Entire home/apt,215,Host_19
21-01-2019,1708,Salamanca,Shared room,245,Host_20
22-01-2019,1888,Salamanca,Private room,280,Host_21
23-01-2019,1275,Salamanca,Private room,196,Host_22
24-01-2019,698,Retiro,Shared room,152,Host_23
25-01-2019,1152,Salamanca,Shared room,287,Host_24
26-01-2019,2090,Retiro,Private room,290,Host_25
27-01-2019,1185,Salamanca,Entire home/apt,264,Host_26
28-01-2019,1896,Retiro,Shared room,194,Host_27
29-01-2019,1185,Malasaña,Entire home/apt,62,Host_28
30-01-2019,1180,Malasaña,Entire home/apt,268,Host_29
31-01-2019,1605,Retiro,Private room,50,Host_30
01-02-2019,1571,Malasaña,Private room,51,Host_31
02-02-2019,1631,Centro,Private room,259,Host_32
03-02-2019,1378,Salamanca,Entire home/apt,277,Host_33
04-02-2019,1689,Retiro,Private room,158,Host_34
05-02-2019,1669,Malasaña,Private room,274,Host_35
06-02-2019,1727,Malasaña,Entire home/apt,277,Host_36
07-02-2019,1197,Centro,Entire home/apt,243,Host_37
08-02-2019,1696,Salamanca,Entire home/apt,245,Host_38
09-02-2019,1232,Centro,Entire home/apt,193,Host_39
10-02-2019,1343,Retiro,Shared room,53,Host_40
11-02-2019,1338,Malasaña,Private room,106,Host_41
12-02-2019,1094,Malasaña,Shared room,250,Host_42
13-02-2019,875,Malasaña,Entire home/apt,162,Host_43
14-02-2019,1764,Centro,Entire home/apt,262,Host_44
15-02-2019,1188,Centro,Entire home/apt,72,Host_45
16-02-2019,1319,Salamanca,Entire home/apt,293,Host_46
17-02-2019,1183,Retiro,Entire home/apt,173,Host_47
18-02-2019,1326,Salamanca,Private room,166,Host_48
19-02-2019,1253,Salamanca,Shared room,179,Host_49
20-02-2019,1790,Malasaña,Shared room,244,Host_50
21-02-2019,1231,Centro,Private room,136,Host_51
22-02-2019,1924,Retiro,Private room,203,Host_52
23-02-2019,1753,Salamanca,Private room,174,Host_53
24-02-2019,1270,Retiro,Shared room,160,Host_54
25-02-2019,1510,Malasaña,Shared room,56,Host_55
26-02-2019,1571,Salamanca,Entire home/apt,277,Host_56
27-02-2019,1669,Centro,Shared room,93,Host_57
28-02-2019,1700,Salamanca,Shared room,210,Host_58
01-03-2019,1476,Malasaña,Private room,162,Host_59
02-03-2019,1135,Salamanca,Shared room,241,Host_60
03-03-2019,1615,Malasaña,Entire home/apt,213,Host_61
04-03-2019,1353,Salamanca,Shared room,53,Host_62
05-03-2019,588,Retiro,Private room,167,Host_63
06-03-2019,1543,Centro,Private room,72,Host_64
07-03-2019,1207,Malasaña,Entire home/apt,202,Host_65
08-03-2019,1291,Retiro,Entire home/apt,282,Host_66
09-03-2019,1432,Malasaña,Shared room,139,Host_67
10-03-2019,965,Salamanca,Entire home/apt,269,Host_68
11-03-2019,1474,Malasaña,Entire home/apt,141,Host_69
12-03-2019,1338,Malasaña,Private room,262,Host_70
13-03-2019,1171,Centro,Private room,251,Host_71
14-03-2019,1449,Retiro,Shared room,204,Host_72
15-03-2019,929,Salamanca,Shared room,100,Host_73
16-03-2019,1460,Centro,Shared room,164,Host_74
17-03-2019,1580,Malasaña,Shared room,256,Host_75
18-03-2019,1531,Centro,Private room,295,Host_76
19-03-2019,1677,Malasaña,Shared room,130,Host_77
20-03-2019,1791,Salamanca,Shared room,152,Host_78
21-03-2019,1418,Malasaña,Entire home/apt,276,Host_79
22-03-2019,1772,Centro,Shared room,246,Host_80
23-03-2019,1418,Centro,Entire home/apt,129,Host_81
24-03-2019,1235,Malasaña,Private room,200,Host_82
25-03-2019,1328,Retiro,Shared room,152,Host_83
26-03-2019,1526,Centro,Entire home/apt,289,Host_84
27-03-2019,1773,Retiro,Shared room,58,Host_85
28-03-2019,1448,Retiro,Entire home/apt,82,Host_86
29-03-2019,1247,Retiro,Shared room,84,Host_87
30-03-2019,1883,Retiro,Private room,298,Host_88
31-03-2019,1020,Centro,Private room,281,Host_89
01-04-2019,1251,Centro,Entire home/apt,99,Host_90
02-04-2019,1719,Retiro,Entire home/apt,73,Host_91
03-04-2019,1982,Centro,Private room,265,Host_92
04-04-2019,1597,Retiro,Shared room,291,Host_93
05-04-2019,1528,Retiro,Entire home/apt,201,Host_94
06-04-2019,1367,Retiro,Private room,196,Host_95
07-04-2019,1619,Malasaña,Entire home/apt,88,Host_96
08-04-2019,1494,Salamanca,Private room,238,Host_97
09-04-2019,1229,Centro,Private room,74,Host_98
10-04-2019,1363,Centro,Entire home/apt,293,Host_99
11-04-2019,1196,Retiro,Entire home/apt,272,Host_100
12-04-2019,1461,Malasaña,Private room,279,Host_101
13-04-2019,1506,Malasaña,Shared room,202,Host_102
14-04-2019,1948,Centro,Private room,204,Host_103
15-04-2019,1279,Retiro,Shared room,81,Host_104
16-04-2019,1404,Centro,Shared room,188,Host_105
17-04-2019,1836,Retiro,Shared room,246,Host_106
18-04-2019,2001,Retiro,Entire home/apt,157,Host_107
19-04-2019,1602,Salamanca,Private room,82,Host_108
20-04-2019,1384,Retiro,Private room,196,Host_109
21-04-2019,1318,Salamanca,Shared room,156,Host_110
22-04-2019,907,Centro,Shared room,160,Host_111
23-04-2019,1182,Centro,Shared room,170,Host_112
24-04-2019,1491,Malasaña,Private room,65,Host_113
25-04-2019,1406,Salamanca,Shared room,276,Host_114
26-04-2019,1648,Centro,Private room,60,Host_115
27-04-2019,1403,Salamanca,Private room,252,Host_116
28-04-2019,1243,Centro,Entire home/apt,251,Host_117
29-04-2019,1564,Salamanca,Shared room,147,Host_118
30-04-2019,2213,Salamanca,Shared room,165,Host_119
01-05-2019,1366,Retiro,Shared room,246,Host_120
02-05-2019,1503,Centro,Entire home/apt,264,Host_121
03-05-2019,1716,Malasaña,Shared room,232,Host_122
04-05-2019,1290,Retiro,Private room,74,Host_123
05-05-2019,1843,Malasaña,Shared room,142,Host_124
06-05-2019,988,Salamanca,Private room,281,Host_125
07-05-2019,1339,Retiro,Private room,254,Host_126
08-05-2019,1368,Salamanca,Private room,160,Host_127
09-05-2019,1507,Centro,Private room,145,Host_128
10-05-2019,870,Centro,Shared room,211,Host_129
11-05-2019,1867,Malasaña,Entire home/apt,61,Host_130
12-05-2019,1585,Centro,Entire home/apt,265,Host_131
13-05-2019,1798,Malasaña,Private room,281,Host_132
14-05-2019,1945,Salamanca,Shared room,70,Host_133
15-05-2019,1238,Retiro,Entire home/apt,176,Host_134
16-05-2019,712,Centro,Shared room,78,Host_135
17-05-2019,1804,Salamanca,Entire home/apt,228,Host_136
18-05-2019,1374,Retiro,Private room,170,Host_137
19-05-2019,1120,Salamanca,Private room,173,Host_138
20-05-2019,1632,Malasaña,Private room,200,Host_139
21-05-2019,2198,Salamanca,Entire home/apt,82,Host_140
22-05-2019,1426,Malasaña,Shared room,185,Host_141
23-05-2019,1744,Malasaña,Private room,219,Host_142
24-05-2019,1162,Centro,Shared room,126,Host_143
25-05-2019,952,Malasaña,Shared room,246,Host_144
26-05-2019,1731,Malasaña,Private room,295,Host_145
27-05-2019,1621,Salamanca,Entire home/apt,90,Host_146
28-05-2019,1317,Malasaña,Private room,123,Host_147
29-05-2019,1968,Malasaña,Private room,112,Host_148
30-05-2019,926,Salamanca,Entire home/apt,63,Host_149
31-05-2019,1086,Retiro,Shared room,265,Host_150
01-06-2019,1292,Centro,Entire home/apt,239,Host_151
02-06-2019,1347,Salamanca,Entire home/apt,124,Host_152
03-06-2019,1893,Malasaña,Private room,223,Host_153
04-06-2019,1468,Salamanca,Entire home/apt,116,Host_154
05-06-2019,1395,Retiro,Entire home/apt,142,Host_155
06-06-2019,1071,Salamanca,Entire home/apt,102,Host_156
07-06-2019,1777,Salamanca,Shared room,289,Host_157
08-06-2019,1110,Salamanca,Shared room,229,Host_158
09-06-2019,1068,Salamanca,Private room,143,Host_159
10-06-2019,1330,Malasaña,Private room,162,Host_160
11-06-2019,1498,Salamanca,Shared room,278,Host_161
12-06-2019,1232,Retiro,Entire home/apt,299,Host_162
13-06-2019,1660,Salamanca,Private room,184,Host_163
14-06-2019,1362,Salamanca,Private room,258,Host_164
15-06-2019,1762,Malasaña,Entire home/apt,261,Host_165
16-06-2019,1597,Malasaña,Entire home/apt,231,Host_166
17-06-2019,1982,Salamanca,Entire home/apt,60,Host_167
18-06-2019,1311,Malasaña,Entire home/apt,285,Host_168
19-06-2019,1697,Malasaña,Entire home/apt,74,Host_169
20-06-2019,907,Salamanca,Shared room,236,Host_170
21-06-2019,2309,Malasaña,Entire home/apt,265,Host_171
22-06-2019,1679,Centro,Private room,243,Host_172
23-06-2019,1351,Centro,Shared room,204,Host_173
24-06-2019,1362,Centro,Private room,132,Host_174
25-06-2019,1364,Malasaña,Entire home/apt,235,Host_175
26-06-2019,1990,Centro,Private room,142,Host_176
27-06-2019,1706,Retiro,Entire home/apt,278,Host_177
28-06-2019,1303,Centro,Private room,188,Host_178
29-06-2019,1063,Retiro,Private room,104,Host_179
30-06-2019,1793,Malasaña,Entire home/apt,68,Host_180
01-07-2019,1685,Centro,Private room,141,Host_181
02-07-2019,1644,Retiro,Shared room,216,Host_182
03-07-2019,1406,Malasaña,Private room,262,Host_183
04-07-2019,1340,Centro,Shared room,139,Host_184
05-07-2019,1935,Salamanca,Shared room,263,Host_185
06-07-2019,1962,Centro,Private room,247,Host_186
07-07-2019,1619,Centro,Shared room,60,Host_187
08-07-2019,1717,Centro,Shared room,191,Host_188
09-07-2019,1496,Salamanca,Private room,109,Host_189
10-07-2019,1013,Retiro,Entire home/apt,213,Host_190
11-07-2019,1129,Retiro,Entire home/apt,281,Host_191
12-07-2019,1766,Salamanca,Shared room,90,Host_192
13-07-2019,1803,Centro,Shared room,179,Host_193
14-07-2019,1736,Centro,Entire home/apt,234,Host_194
15-07-2019,1523,Centro,Shared room,156,Host_195
16-07-2019,1745,Retiro,Entire home/apt,109,Host_196
17-07-2019,1399,Retiro,Private room,197,Host_197
18-07-2019,1602,Salamanca,Shared room,71,Host_198
19-07-2019,1353,Malasaña,Private room,177,Host_199
20-07-2019,1096,Salamanca,Entire home/apt,175,Host_200
21-07-2019,1671,Retiro,Entire home/apt,152,Host_201
22-07-2019,1793,Centro,Private room,181,Host_202
23-07-2019,2152,Centro,Shared room,233,Host_203
24-07-2019,1488,Centro,Private room,270,Host_204
25-07-2019,1093,Centro,Private room,159,Host_205
26-07-2019,1308,Malasaña,Shared room,107,Host_206
27-07-2019,1364,Salamanca,Entire home/apt,265,Host_207
28-07-2019,1448,Salamanca,Private room,114,Host_208
29-07-2019,1544,Retiro,Private room,265,Host_209
30-07-2019,1510,Salamanca,Entire home/apt,107,Host_210
31-07-2019,1633,Malasaña,Private room,207,Host_211
01-08-2019,1458,Malasaña,Entire home/apt,125,Host_212
02-08-2019,730,Malasaña,Shared room,68,Host_213
03-08-2019,1464,Centro,Entire home/apt,177,Host_214
04-08-2019,1421,Retiro,Entire home/apt,278,Host_215
05-08-2019,1558,Malasaña,Private room,239,Host_216
06-08-2019,1284,Salamanca,Entire home/apt,299,Host_217
07-08-2019,1458,Salamanca,Entire home/apt,153,Host_218
08-08-2019,1556,Salamanca,Private room,156,Host_219
09-08-2019,1340,Malasaña,Entire home/apt,167,Host_220
10-08-2019,1589,Malasaña,Private room,245,Host_221
11-08-2019,1406,Salamanca,Shared room,128,Host_222
12-08-2019,1431,Malasaña,Entire home/apt,133,Host_223
13-08-2019,506,Salamanca,Shared room,221,Host_224
14-08-2019,1038,Centro,Entire home/apt,261,Host_225
15-08-2019,1037,Malasaña,Entire home/apt,167,Host_226
16-08-2019,1443,Centro,Shared room,296,Host_227
17-08-2019,1758,Centro,Shared room,238,Host_228
18-08-2019,1340,Malasaña,Private room,198,Host_229
19-08-2019,1629,Salamanca,Private room,59,Host_230
20-08-2019,1567,Retiro,Shared room,79,Host_231
21-08-2019,1413,Centro,Entire home/apt,73,Host_232
22-08-2019,1542,Malasaña,Private room,225,Host_233
23-08-2019,1442,Centro,Entire home/apt,104,Host_234
24-08-2019,1324,Salamanca,Private room,153,Host_235
25-08-2019,1483,Malasaña,Private room,176,Host_236
26-08-2019,1798,Retiro,Private room,229,Host_237
27-08-2019,1504,Malasaña,Shared room,281,Host_238
28-08-2019,1426,Centro,Entire home/apt,174,Host_239
29-08-2019,1096,Malasaña,Shared room,215,Host_240
30-08-2019,1783,Malasaña,Private room,244,Host_241
31-08-2019,934,Centro,Shared room,142,Host_242
01-09-2019,843,Retiro,Shared room,57,Host_243
02-09-2019,1465,Salamanca,Shared room,206,Host_244
03-09-2019,1088,Malasaña,Entire home/apt,296,Host_245
04-09-2019,1677,Retiro,Shared room,187,Host_246
05-09-2019,844,Salamanca,Shared room,246,Host_247
06-09-2019,1636,Centro,Shared room,124,Host_248
07-09-2019,1592,Retiro,Shared room,245,Host_249
08-09-2019,1380,Retiro,Shared room,226,Host_250
09-09-2019,713,Malasaña,Shared room,235,Host_251
10-09-2019,824,Centro,Shared room,212,Host_252
11-09-2019,1411,Malasaña,Private room,227,Host_253
12-09-2019,1268,Centro,Shared room,89,Host_254
13-09-2019,1554,Salamanca,Shared room,297,Host_255
14-09-2019,1314,Malasaña,Entire home/apt,189,Host_256
15-09-2019,1287,Centro,Private room,134,Host_257
16-09-2019,604,Centro,Shared room,65,Host_258
17-09-2019,1577,Retiro,Entire home/apt,127,Host_259
18-09-2019,1134,Malasaña,Shared room,262,Host_260
19-09-2019,1207,Malasaña,Shared room,97,Host_261
20-09-2019,1004,Salamanca,Shared room,140,Host_262
21-09-2019,861,Centro,Shared room,277,Host_263
22-09-2019,1764,Retiro,Shared room,178,Host_264
23-09-2019,1559,Centro,Entire home/apt,242,Host_265
24-09-2019,1562,Centro,Shared room,71,Host_266
25-09-2019,1252,Centro,Entire home/apt,192,Host_267
26-09-2019,794,Malasaña,Shared room,293,Host_268
27-09-2019,1944,Centro,Entire home/apt,261,Host_269
28-09-2019,1439,Salamanca,Private room,244,Host_270
29-09-2019,1352,Retiro,Shared room,63,Host_271
30-09-2019,1201,Retiro,Private room,122,Host_272
01-10-2019,694,Centro,Private room,68,Host_273
02-10-2019,1648,Retiro,Private room,89,Host_274
03-10-2019,987,Centro,Shared room,147,Host_275
04-10-2019,1466,Malasaña,Private room,53,Host_276
05-10-2019,1532,Retiro,Entire home/apt,82,Host_277
06-10-2019,1399,Malasaña,Shared room,92,Host_278
07-10-2019,1438,Malasaña,Private room,214,Host_279
08-10-2019,1700,Salamanca,Shared room,243,Host_280
09-10-2019,1056,Salamanca,Private room,76,Host_281
10-10-2019,1342,Retiro,Entire home/apt,222,Host_282
11-10-2019,1223,Centro,Shared room,130,Host_283
12-10-2019,737,Centro,Shared room,162,Host_284
13-10-2019,1374,Centro,Private room,227,Host_285
14-10-2019,1661,Centro,Entire home/apt,166,Host_286
15-10-2019,1697,Salamanca,Shared room,173,Host_287
16-10-2019,1840,Centro,Private room,144,Host_288
17-10-2019,749,Centro,Entire home/apt,112,Host_289
18-10-2019,1768,Malasaña,Entire home/apt,282,Host_290
19-10-2019,1333,Centro,Entire home/apt,183,Host_291
20-10-2019,1756,Centro,Entire home/apt,173,Host_292
21-10-2019,1156,Salamanca,Shared room,165,Host_293
22-10-2019,1114,Retiro,Shared room,144,Host_294
23-10-2019,907,Malasaña,Entire home/apt,116,Host_295
24-10-2019,1502,Malasaña,Private room,281,Host_296
25-10-2019,1422,Retiro,Private room,244,Host_297
26-10-2019,931,Malasaña,Entire home/apt,146,Host_298
27-10-2019,615,Centro,Entire home/apt,165,Host_299
28-10-2019,1388,Centro,Private room,236,Host_300
29-10-2019,1420,Retiro,Entire home/apt,62,Host_301
30-10-2019,964,Salamanca,Entire home/apt,198,Host_302
31-10-2019,902,Salamanca,Shared room,113,Host_303
01-11-2019,1453,Malasaña,Shared room,214,Host_304
02-11-2019,1812,Salamanca,Entire home/apt,257,Host_305
03-11-2019,1105,Salamanca,Entire home/apt,134,Host_306
04-11-2019,988,Salamanca,Shared room,297,Host_307
05-11-2019,1340,Salamanca,Entire home/apt,225,Host_308
06-11-2019,1439,Salamanca,Shared room,105,Host_309
07-11-2019,1138,Salamanca,Shared room,221,Host_310
08-11-2019,1853,Salamanca,Private room,190,Host_311
09-11-2019,1514,Malasaña,Shared room,181,Host_312
10-11-2019,1128,Centro,Private room,272,Host_313
11-11-2019,763,Salamanca,Private room,250,Host_314
12-11-2019,1635,Centro,Shared room,161,Host_315
13-11-2019,1595,Retiro,Entire home/apt,82,Host_316
14-11-2019,1145,Centro,Shared room,214,Host_317
15-11-2019,1339,Retiro,Private room,102,Host_318
16-11-2019,1187,Malasaña,Shared room,150,Host_319
17-11-2019,1387,Centro,Shared room,201,Host_320
18-11-2019,922,Retiro,Private room,138,Host_321
19-11-2019,878,Centro,Shared room,228,Host_322
20-11-2019,1469,Malasaña,Shared room,218,Host_323
21-11-2019,1506,Centro,Private room,78,Host_324
22-11-2019,1076,Retiro,Entire home/apt,236,Host_325
23-11-2019,997,Salamanca,Private room,217,Host_326
24-11-2019,1564,Salamanca,Private room,100,Host_327
25-11-2019,1004,Salamanca,Shared room,99,Host_328
26-11-2019,1234,Malasaña,Private room,160,Host_329
27-11-2019,1194,Salamanca,Shared room,85,Host_330
28-11-2019,774,Malasaña,Shared room,256,Host_331
29-11-2019,1270,Salamanca,Shared room,158,Host_332
30-11-2019,1239,Malasaña,Private room,109,Host_333
01-12-2019,1317,Malasaña,Private room,195,Host_334
02-12-2019,1255,Centro,Shared room,69,Host_335
03-12-2019,1847,Salamanca,Entire home/apt,182,Host_336
04-12-2019,1553,Centro,Entire home/apt,195,Host_337
05-12-2019,1215,Retiro,Private room,173,Host_338
06-12-2019,1241,Salamanca,Shared room,217,Host_339
07-12-2019,1730,Salamanca,Shared room,50,Host_340
08-12-2019,1458,Salamanca,Private room,68,Host_341
09-12-2019,829,Salamanca,Entire home/apt,136,Host_342
10-12-2019,1481,Centro,Private room,203,Host_343
11-12-2019,1568,Centro,Private room,290,Host_344
12-12-2019,1679,Malasaña,Shared room,78,Host_345
13-12-2019,1071,Centro,Private room,108,Host_346
14-12-2019,1048,Malasaña,Entire home/apt,112,Host_347
15-12-2019,907,Retiro,Private room,147,Host_348
16-12-2019,1280,Centro,Shared room,260,Host_349
17-12-2019,1406,Malasaña,Entire home/apt,239,Host_350
18-12-2019,1031,Salamanca,Shared room,97,Host_351
19-12-2019,1141,Retiro,Private room,111,Host_352
20-12-2019,566,Malasaña,Private room,67,Host_353
21-12-2019,1634,Retiro,Private room,243,Host_354
22-12-2019,710,Salamanca,Shared room,76,Host_355
23-12-2019,1291,Salamanca,Private room,55,Host_356
24-12-2019,1248,Malasaña,Entire home/apt,280,Host_357
25-12-2019,1189,Malasaña,Entire home/apt,247,Host_358
26-12-2019,1195,Salamanca,Shared room,236,Host_359
27-12-2019,869,Malasaña,Shared room,55,Host_360
28-12-2019,1073,Salamanca,Shared room,80,Host_361
29-12-2019,1461,Centro,Private room,154,Host_362
30-12-2019,1549,Malasaña,Entire home/apt,281,Host_363
31-12-2019,1042,Retiro,Entire home/apt,143,Host_364
01-01-2020,698,Salamanca,Entire home/apt,105,Host_365
02-01-2020,932,Centro,Shared room,231,Host_366
03-01-2020,1720,Malasaña,Shared room,262,Host_367
04-01-2020,947,Salamanca,Private room,218,Host_368
05-01-2020,1133,Centro,Shared room,285,Host_369
06-01-2020,1585,Malasaña,Entire home/apt,67,Host_370
07-01-2020,1001,Salamanca,Private room,136,Host_371
08-01-2020,1108,Salamanca,Shared room,279,Host_372
09-01-2020,1395,Salamanca,Shared room,72,Host_373
10-01-2020,1669,Malasaña,Entire home/apt,269,Host_374
11-01-2020,961,Centro,Private room,213,Host_375
12-01-2020,1571,Salamanca,Shared room,74,Host_376
13-01-2020,1068,Centro,Shared room,56,Host_377
14-01-2020,885,Centro,Private room,259,Host_378
15-01-2020,1225,Retiro,Private room,197,Host_379
16-01-2020,802,Centro,Shared room,182,Host_380
17-01-2020,1290,Centro,Shared room,67,Host_381
18-01-2020,2092,Centro,Entire home/apt,155,Host_382
19-01-2020,1478,Centro,Private room,281,Host_383
20-01-2020,1113,Centro,Shared room,82,Host_384
21-01-2020,1459,Malasaña,Shared room,128,Host_385
22-01-2020,863,Retiro,Shared room,84,Host_386
23-01-2020,913,Salamanca,Shared room,288,Host_387
24-01-2020,1118,Retiro,Entire home/apt,159,Host_388
25-01-2020,1166,Retiro,Private room,114,Host_389
26-01-2020,751,Salamanca,Shared room,112,Host_390
27-01-2020,1046,Centro,Private room,262,Host_391
28-01-2020,1094,Salamanca,Private room,121,Host_392
29-01-2020,1599,Centro,Shared room,248,Host_393
30-01-2020,747,Salamanca,Shared room,90,Host_394
31-01-2020,718,Malasaña,Shared room,227,Host_395
01-02-2020,1186,Retiro,Entire home/apt,177,Host_396
02-02-2020,1478,Centro,Shared room,157,Host_397
03-02-2020,1297,Retiro,Private room,281,Host_398
04-02-2020,1222,Centro,Private room,153,Host_399
05-02-2020,1043,Salamanca,Entire home/apt,207,Host_400
06-02-2020,1332,Salamanca,Shared room,87,Host_401
07-02-2020,1376,Salamanca,Shared room,84,Host_402
08-02-2020,1050,Malasaña,Entire home/apt,243,Host_403
09-02-2020,842,Salamanca,Entire home/apt,223,Host_404
10-02-2020,843,Salamanca,Shared room,185,Host_405
11-02-2020,1389,Malasaña,Shared room,151,Host_406
12-02-2020,661,Retiro,Private room,117,Host_407
13-02-2020,1627,Retiro,Shared room,86,Host_408
14-02-2020,986,Centro,Shared room,134,Host_409
15-02-2020,1215,Retiro,Private room,190,Host_410
16-02-2020,1332,Centro,Private room,250,Host_411
17-02-2020,916,Centro,Private room,222,Host_412
18-02-2020,982,Retiro,Private room,78,Host_413
19-02-2020,1159,Retiro,Entire home/apt,90,Host_414
20-02-2020,863,Malasaña,Private room,105,Host_415
21-02-2020,798,Centro,Entire home/apt,265,Host_416
22-02-2020,825,Retiro,Private room,65,Host_417
23-02-2020,1480,Retiro,Private room,189,Host_418
24-02-2020,1236,Malasaña,Private room,115,Host_419
25-02-2020,878,Retiro,Shared room,239,Host_420
26-02-2020,1378,Salamanca,Entire home/apt,196,Host_421
27-02-2020,894,Salamanca,Private room,207,Host_422
28-02-2020,530,Centro,Shared room,193,Host_423
29-02-2020,1323,Malasaña,Entire home/apt,265,Host_424
01-03-2020,1608,Retiro,Entire home/apt,190,Host_425
02-03-2020,1281,Centro,Shared room,118,Host_426
03-03-2020,547,Retiro,Entire home/apt,72,Host_427
04-03-2020,1106,Salamanca,Shared room,239,Host_428
05-03-2020,1030,Retiro,Private room,297,Host_429
06-03-2020,1225,Retiro,Shared room,279,Host_430
07-03-2020,857,Retiro,Entire home/apt,208,Host_431
08-03-2020,1011,Salamanca,Entire home/apt,102,Host_432
09-03-2020,685,Salamanca,Private room,169,Host_433
10-03-2020,1177,Malasaña,Shared room,194,Host_434
11-03-2020,695,Salamanca,Private room,177,Host_435
12-03-2020,1241,Centro,Shared room,98,Host_436
13-03-2020,885,Retiro,Shared room,226,Host_437
14-03-2020,167,Salamanca,Shared room,244,Host_438
15-03-2020,1348,Centro,Private room,203,Host_439
16-03-2020,1257,Salamanca,Private room,62,Host_440
17-03-2020,1515,Retiro,Entire home/apt,157,Host_441
18-03-2020,482,Centro,Private room,215,Host_442
19-03-2020,912,Salamanca,Shared room,199,Host_443
20-03-2020,1148,Salamanca,Shared room,134,Host_444
21-03-2020,1280,Centro,Shared room,206,Host_445
22-03-2020,670,Malasaña,Private room,94,Host_446
23-03-2020,1238,Centro,Entire home/apt,223,Host_447
24-03-2020,937,Centro,Private room,216,Host_448
25-03-2020,552,Centro,Entire home/apt,246,Host_449
26-03-2020,883,Centro,Private room,255,Host_450
27-03-2020,1263,Salamanca,Shared room,131,Host_451
28-03-2020,564,Centro,Entire home/apt,117,Host_452
29-03-2020,1299,Centro,Private room,146,Host_453
30-03-2020,1193,Retiro,Shared room,216,Host_454
31-03-2020,1032,Salamanca,Entire home/apt,197,Host_455
01-04-2020,618,Retiro,Entire home/apt,126,Host_456
02-04-2020,642,Salamanca,Shared room,277,Host_457
03-04-2020,989,Malasaña,Shared room,286,Host_458
04-04-2020,771,Malasaña,Private room,245,Host_459
05-04-2020,1009,Salamanca,Private room,84,Host_460
06-04-2020,1381,Malasaña,Shared room,185,Host_461
07-04-2020,1028,Malasaña,Private room,101,Host_462
08-04-2020,1020,Salamanca,Shared room,89,Host_463
09-04-2020,1020,Centro,Shared room,170,Host_464
10-04-2020,1414,Retiro,Private room,162,Host_465
11-04-2020,1499,Salamanca,Private room,160,Host_466
12-04-2020,1238,Salamanca,Entire home/apt,85,Host_467
13-04-2020,1152,Salamanca,Entire home/apt,183,Host_468
14-04-2020,1181,Retiro,Private room,297,Host_469
15-04-2020,1540,Salamanca,Private room,263,Host_470
16-04-2020,1255,Retiro,Private room,119,Host_471
17-04-2020,1570,Retiro,Entire home/apt,283,Host_472
18-04-2020,988,Malasaña,Private room,277,Host_473
19-04-2020,713,Centro,Entire home/apt,122,Host_474
20-04-2020,914,Malasaña,Entire home/apt,65,Host_475
21-04-2020,946,Salamanca,Entire home/apt,280,Host_476
22-04-2020,1597,Salamanca,Entire home/apt,223,Host_477
23-04-2020,1337,Retiro,Shared room,236,Host_478
24-04-2020,925,Malasaña,Private room,87,Host_479
25-04-2020,1359,Retiro,Private room,274,Host_480
26-04-2020,1079,Malasaña,Shared room,67,Host_481
27-04-2020,1609,Malasaña,Private room,61,Host_482
28-04-2020,1019,Malasaña,Entire home/apt,103,Host_483
29-04-2020,658,Malasaña,Shared room,268,Host_484
30-04-2020,1064,Malasaña,Entire home/apt,224,Host_485
01-05-2020,1021,Centro,Shared room,50,Host_486
02-05-2020,719,Salamanca,Entire home/apt,192,Host_487
03-05-2020,1298,Malasaña,Private room,160,Host_488
04-05-2020,1551,Malasaña,Private room,268,Host_489
05-05-2020,787,Retiro,Private room,257,Host_490
06-05-2020,1417,Salamanca,Shared room,70,Host_491
07-05-2020,944,Salamanca,Private room,178,Host_492
08-05-2020,1119,Salamanca,Shared room,142,Host_493
09-05-2020,1088,Malasaña,Entire home/apt,244,Host_494
10-05-2020,1121,Retiro,Private room,189,Host_495
11-05-2020,1271,Salamanca,Entire home/apt,173,Host_496
12-05-2020,823,Retiro,Private room,205,Host_497
13-05-2020,1519,Centro,Entire home/apt,88,Host_498
14-05-2020,1283,Centro,Shared room,214,Host_499
15-05-2020,1384,Retiro,Private room,272,Host_500
16-05-2020,900,Malasaña,Shared room,109,Host_501
17-05-2020,801,Salamanca,Shared room,208,Host_502
18-05-2020,1491,Centro,Entire home/apt,235,Host_503
19-05-2020,790,Centro,Private room,274,Host_504
20-05-2020,1183,Retiro,Shared room,146,Host_505
21-05-2020,1445,Malasaña,Entire home/apt,288,Host_506
22-05-2020,1103,Retiro,Entire home/apt,153,Host_507
23-05-2020,1493,Retiro,Entire home/apt,188,Host_508
24-05-2020,1062,Retiro,Private room,159,Host_509
25-05-2020,761,Retiro,Private room,78,Host_510
26-05-2020,1258,Retiro,Entire home/apt,138,Host_511
27-05-2020,1206,Malasaña,Private room,168,Host_512
28-05-2020,1955,Retiro,Entire home/apt,190,Host_513
29-05-2020,866,Malasaña,Private room,100,Host_514
30-05-2020,1075,Salamanca,Private room,157,Host_515
31-05-2020,933,Salamanca,Entire home/apt,231,Host_516
01-06-2020,1111,Salamanca,Entire home/apt,196,Host_517
02-06-2020,1100,Salamanca,Private room,107,Host_518
03-06-2020,895,Centro,Entire home/apt,85,Host_519
04-06-2020,1299,Malasaña,Entire home/apt,77,Host_520
05-06-2020,1095,Salamanca,Entire home/apt,245,Host_521
06-06-2020,1565,Centro,Entire home/apt,180,Host_522
07-06-2020,968,Malasaña,Private room,299,Host_523
08-06-2020,1723,Centro,Shared room,279,Host_524
09-06-2020,1249,Centro,Private room,150,Host_525
10-06-2020,1549,Retiro,Entire home/apt,156,Host_526
11-06-2020,1204,Centro,Entire home/apt,138,Host_527
12-06-2020,936,Centro,Private room,218,Host_528
13-06-2020,1093,Malasaña,Entire home/apt,84,Host_529
14-06-2020,758,Centro,Private room,142,Host_530
15-06-2020,1142,Retiro,Shared room,154,Host_531
16-06-2020,1229,Salamanca,Entire home/apt,270,Host_532
17-06-2020,1193,Salamanca,Shared room,125,Host_533
18-06-2020,1580,Malasaña,Shared room,276,Host_534
19-06-2020,1138,Malasaña,Entire home/apt,133,Host_535
20-06-2020,616,Centro,Entire home/apt,258,Host_536
21-06-2020,2250,Malasaña,Private room,294,Host_537
22-06-2020,981,Centro,Private room,125,Host_538
23-06-2020,1481,Malasaña,Entire home/apt,298,Host_539
24-06-2020,741,Salamanca,Private room,99,Host_540
25-06-2020,1268,Salamanca,Shared room,149,Host_541
26-06-2020,958,Salamanca,Shared room,251,Host_542
27-06-2020,351,Salamanca,Entire home/apt,259,Host_543
28-06-2020,1115,Centro,Private room,207,Host_544
29-06-2020,1187,Centro,Entire home/apt,121,Host_545
30-06-2020,1139,Centro,Shared room,282,Host_546
01-07-2020,1279,Salamanca,Entire home/apt,164,Host_547
02-07-2020,1128,Retiro,Entire home/apt,126,Host_548
03-07-2020,1231,Salamanca,Entire home/apt,272,Host_549
04-07-2020,1264,Salamanca,Entire home/apt,170,Host_550
05-07-2020,1205,Retiro,Shared room,247,Host_551
06-07-2020,1166,Retiro,Entire home/apt,103,Host_552
07-07-2020,951,Malasaña,Entire home/apt,120,Host_553
08-07-2020,1400,Salamanca,Private room,134,Host_554
09-07-2020,1139,Retiro,Entire home/apt,151,Host_555
10-07-2020,1117,Malasaña,Private room,156,Host_556
11-07-2020,1382,Retiro,Entire home/apt,290,Host_557
12-07-2020,1295,Retiro,Private room,228,Host_558
13-07-2020,1024,Malasaña,Entire home/apt,77,Host_559
14-07-2020,1611,Salamanca,Private room,241,Host_560
15-07-2020,882,Malasaña,Entire home/apt,298,Host_561
16-07-2020,931,Salamanca,Entire home/apt,157,Host_562
17-07-2020,1444,Retiro,Private room,262,Host_563
18-07-2020,1771,Malasaña,Entire home/apt,70,Host_564
19-07-2020,1075,Centro,Entire home/apt,265,Host_565
20-07-2020,1375,Retiro,Entire home/apt,204,Host_566
21-07-2020,896,Malasaña,Entire home/apt,76,Host_567
22-07-2020,977,Retiro,Shared room,126,Host_568
23-07-2020,1598,Malasaña,Entire home/apt,99,Host_569
24-07-2020,1371,Salamanca,Shared room,206,Host_570
25-07-2020,1613,Centro,Shared room,216,Host_571
26-07-2020,1593,Retiro,Entire home/apt,106,Host_572
27-07-2020,642,Centro,Private room,168,Host_573
28-07-2020,913,Salamanca,Private room,269,Host_574
29-07-2020,1357,Malasaña,Entire home/apt,214,Host_575
30-07-2020,769,Centro,Shared room,270,Host_576
31-07-2020,964,Malasaña,Private room,113,Host_577
01-08-2020,1711,Salamanca,Entire home/apt,97,Host_578
02-08-2020,1124,Retiro,Entire home/apt,199,Host_579
03-08-2020,1502,Salamanca,Shared room,277,Host_580
04-08-2020,1284,Centro,Private room,207,Host_581
05-08-2020,1091,Centro,Entire home/apt,205,Host_582
06-08-2020,799,Centro,Private room,200,Host_583
07-08-2020,1371,Malasaña,Entire home/apt,274,Host_584
08-08-2020,1740,Retiro,Entire home/apt,53,Host_585
09-08-2020,1111,Centro,Entire home/apt,180,Host_586
10-08-2020,1331,Centro,Shared room,110,Host_587
11-08-2020,857,Centro,Shared room,145,Host_588
12-08-2020,1114,Salamanca,Shared room,53,Host_589
13-08-2020,1422,Centro,Private room,114,Host_590
14-08-2020,1546,Salamanca,Shared room,189,Host_591
15-08-2020,1492,Centro,Shared room,190,Host_592
16-08-2020,719,Salamanca,Private room,211,Host_593
17-08-2020,1195,Malasaña,Private room,173,Host_594
18-08-2020,1045,Malasaña,Private room,236,Host_595
19-08-2020,1246,Salamanca,Private room,142,Host_596
20-08-2020,1308,Retiro,Shared room,250,Host_597
21-08-2020,1665,Retiro,Shared room,80,Host_598
22-08-2020,1437,Salamanca,Private room,120,Host_599
23-08-2020,1777,Malasaña,Shared room,190,Host_600
24-08-2020,1145,Salamanca,Entire home/apt,231,Host_601
25-08-2020,934,Retiro,Shared room,51,Host_602
26-08-2020,1799,Salamanca,Entire home/apt,210,Host_603
27-08-2020,1496,Malasaña,Private room,99,Host_604
28-08-2020,1146,Retiro,Private room,184,Host_605
29-08-2020,1504,Retiro,Shared room,195,Host_606
30-08-2020,1627,Centro,Private room,228,Host_607
31-08-2020,1415,Centro,Shared room,57,Host_608
01-09-2020,1165,Retiro,Shared room,104,Host_609
02-09-2020,1254,Retiro,Shared room,253,Host_610
03-09-2020,1478,Salamanca,Shared room,92,Host_611
04-09-2020,1454,Malasaña,Entire home/apt,236,Host_612
05-09-2020,1761,Retiro,Entire home/apt,79,Host_613
06-09-2020,1319,Malasaña,Private room,108,Host_614
07-09-2020,1116,Retiro,Entire home/apt,58,Host_615
08-09-2020,2182,Malasaña,Private room,269,Host_616
09-09-2020,1465,Centro,Private room,117,Host_617
10-09-2020,1667,Retiro,Shared room,216,Host_618
11-09-2020,1577,Salamanca,Shared room,130,Host_619
12-09-2020,1480,Malasaña,Shared room,188,Host_620
13-09-2020,1360,Retiro,Shared room,172,Host_621
14-09-2020,591,Centro,Shared room,179,Host_622
15-09-2020,1117,Centro,Shared room,72,Host_623
16-09-2020,1538,Centro,Entire home/apt,240,Host_624
17-09-2020,628,Centro,Private room,291,Host_625
18-09-2020,1469,Retiro,Private room,71,Host_626
19-09-2020,1650,Salamanca,Shared room,238,Host_627
20-09-2020,1706,Malasaña,Entire home/apt,203,Host_628
21-09-2020,1639,Salamanca,Shared room,189,Host_629
22-09-2020,1751,Malasaña,Entire home/apt,209,Host_630
23-09-2020,1950,Salamanca,Entire home/apt,58,Host_631
24-09-2020,1801,Retiro,Private room,284,Host_632
25-09-2020,1535,Retiro,Private room,246,Host_633
26-09-2020,1440,Malasaña,Entire home/apt,139,Host_634
27-09-2020,1519,Retiro,Private room,248,Host_635
28-09-2020,1406,Malasaña,Entire home/apt,270,Host_636
29-09-2020,1828,Salamanca,Entire home/apt,82,Host_637
30-09-2020,1669,Retiro,Entire home/apt,201,Host_638
01-10-2020,1387,Retiro,Private room,138,Host_639
02-10-2020,1903,Malasaña,Shared room,144,Host_640
03-10-2020,1422,Malasaña,Private room,270,Host_641
04-10-2020,1231,Malasaña,Shared room,118,Host_642
05-10-2020,1515,Malasaña,Private room,87,Host_643
06-10-2020,1276,Centro,Private room,286,Host_644
07-10-2020,1808,Malasaña,Shared room,188,Host_645
08-10-2020,1278,Centro,Entire home/apt,209,Host_646
09-10-2020,1502,Salamanca,Shared room,113,Host_647
10-10-2020,1823,Malasaña,Entire home/apt,121,Host_648
11-10-2020,1332,Centro,Entire home/apt,69,Host_649
12-10-2020,1673,Centro,Private room,83,Host_650
13-10-2020,1262,Centro,Private room,160,Host_651
14-10-2020,1632,Retiro,Private room,91,Host_652
15-10-2020,1734,Centro,Private room,185,Host_653
16-10-2020,1556,Malasaña,Private room,115,Host_654
17-10-2020,1583,Malasaña,Shared room,70,Host_655
18-10-2020,1711,Malasaña,Shared room,128,Host_656
19-10-2020,1498,Centro,Shared room,119,Host_657
20-10-2020,1854,Centro,Shared room,54,Host_658
21-10-2020,2003,Retiro,Private room,295,Host_659
22-10-2020,1318,Salamanca,Shared room,295,Host_660
23-10-2020,2131,Retiro,Shared room,116,Host_661
24-10-2020,1515,Malasaña,Entire home/apt,284,Host_662
25-10-2020,2209,Malasaña,Private room,220,Host_663
26-10-2020,1528,Malasaña,Shared room,65,Host_664
27-10-2020,1832,Retiro,Shared room,148,Host_665
28-10-2020,1836,Malasaña,Shared room,122,Host_666
29-10-2020,1514,Malasaña,Private room,84,Host_667
30-10-2020,1657,Malasaña,Shared room,132,Host_668
31-10-2020,2072,Centro,Entire home/apt,220,Host_669
01-11-2020,1548,Salamanca,Private room,159,Host_670
02-11-2020,1524,Centro,Entire home/apt,275,Host_671
03-11-2020,1309,Centro,Private room,88,Host_672
04-11-2020,2130,Salamanca,Shared room,59,Host_673
05-11-2020,1520,Salamanca,Private room,251,Host_674
06-11-2020,2030,Retiro,Private room,197,Host_675
07-11-2020,1494,Salamanca,Private room,50,Host_676
08-11-2020,2030,Retiro,Entire home/apt,55,Host_677
09-11-2020,1927,Retiro,Private room,230,Host_678
10-11-2020,1622,Centro,Shared room,223,Host_679
11-11-2020,1475,Malasaña,Private room,115,Host_680
12-11-2020,1505,Centro,Private room,87,Host_681
13-11-2020,1506,Centro,Shared room,210,Host_682
14-11-2020,2030,Salamanca,Shared room,116,Host_683
15-11-2020,1764,Salamanca,Entire home/apt,149,Host_684
16-11-2020,1387,Retiro,Shared room,126,Host_685
17-11-2020,1651,Retiro,Shared room,84,Host_686
18-11-2020,1693,Retiro,Shared room,256,Host_687
19-11-2020,1095,Salamanca,Private room,94,Host_688
20-11-2020,1684,Retiro,Entire home/apt,199,Host_689
21-11-2020,1965,Retiro,Shared room,284,Host_690
22-11-2020,1712,Salamanca,Shared room,117,Host_691
23-11-2020,1835,Malasaña,Shared room,66,Host_692
24-11-2020,1909,Centro,Private room,54,Host_693
25-11-2020,1667,Salamanca,Private room,262,Host_694
26-11-2020,1994,Retiro,Entire home/apt,106,Host_695
27-11-2020,2218,Centro,Entire home/apt,265,Host_696
28-11-2020,1329,Salamanca,Private room,144,Host_697
29-11-2020,1688,Centro,Shared room,217,Host_698
30-11-2020,2496,Centro,Shared room,294,Host_699
01-12-2020,1854,Malasaña,Entire home/apt,297,Host_700
02-12-2020,1797,Retiro,Shared room,79,Host_701
03-12-2020,1736,Salamanca,Private room,219,Host_702
04-12-2020,2201,Retiro,Entire home/apt,56,Host_703
05-12-2020,1543,Malasaña,Private room,290,Host_704
06-12-2020,2108,Malasaña,Private room,173,Host_705
07-12-2020,1753,Salamanca,Shared room,248,Host_706
08-12-2020,1617,Salamanca,Private room,140,Host_707
09-12-2020,1778,Malasaña,Private room,265,Host_708
10-12-2020,1839,Salamanca,Shared room,196,Host_709
11-12-2020,1709,Centro,Private room,218,Host_710
12-12-2020,2198,Centro,Shared room,297,Host_711
13-12-2020,1648,Malasaña,Private room,211,Host_712
14-12-2020,1918,Retiro,Shared room,199,Host_713
15-12-2020,2043,Salamanca,Shared room,101,Host_714
16-12-2020,1926,Salamanca,Entire home/apt,292,Host_715
17-12-2020,2125,Centro,Private room,268,Host_716
18-12-2020,1769,Salamanca,Private room,55,Host_717
19-12-2020,2092,Retiro,Entire home/apt,251,Host_718
20-12-2020,2107,Salamanca,Shared room,158,Host_719
21-12-2020,2207,Salamanca,Shared room,144,Host_720
22-12-2020,1357,Centro,Entire home/apt,202,Host_721
23-12-2020,2081,Salamanca,Entire home/apt,115,Host_722
24-12-2020,2205,Malasaña,Shared room,59,Host_723
25-12-2020,1817,Malasaña,Shared room,251,Host_724
26-12-2020,1782,Retiro,Entire home/apt,75,Host_725
27-12-2020,1742,Retiro,Private room,182,Host_726
28-12-2020,1649,Retiro,Shared room,263,Host_727
29-12-2020,2164,Retiro,Entire home/apt,117,Host_728
30-12-2020,2655,Centro,Private room,296,Host_729
31-12-2020,1810,Salamanca,Private room,147,Host_730
01-01-2021,1843,Centro,Private room,120,Host_731
02-01-2021,1993,Retiro,Private room,99,Host_732
03-01-2021,1514,Salamanca,Entire home/apt,66,Host_733
04-01-2021,1792,Malasaña,Shared room,60,Host_734
05-01-2021,1990,Centro,Private room,102,Host_735
06-01-2021,1745,Salamanca,Private room,99,Host_736
07-01-2021,2379,Malasaña,Entire home/apt,185,Host_737
08-01-2021,1637,Malasaña,Private room,269,Host_738
09-01-2021,2302,Retiro,Entire home/apt,173,Host_739
10-01-2021,2478,Malasaña,Entire home/apt,285,Host_740
11-01-2021,2159,Malasaña,Shared room,297,Host_741
12-01-2021,2009,Retiro,Private room,274,Host_742
13-01-2021,2131,Salamanca,Shared room,293,Host_743
14-01-2021,1931,Salamanca,Entire home/apt,111,Host_744
15-01-2021,1458,Retiro,Private room,266,Host_745
16-01-2021,1782,Centro,Entire home/apt,262,Host_746
17-01-2021,2078,Retiro,Entire home/apt,125,Host_747
18-01-2021,1806,Salamanca,Entire home/apt,172,Host_748
19-01-2021,1970,Centro,Private room,139,Host_749
20-01-2021,2244,Retiro,Entire home/apt,78,Host_750
21-01-2021,2151,Salamanca,Entire home/apt,151,Host_751
22-01-2021,2431,Salamanca,Private room,276,Host_752
23-01-2021,2208,Salamanca,Shared room,150,Host_753
24-01-2021,2232,Malasaña,Entire home/apt,159,Host_754
25-01-2021,1919,Malasaña,Shared room,221,Host_755
26-01-2021,1740,Centro,Shared room,158,Host_756
27-01-2021,2022,Centro,Shared room,222,Host_757
28-01-2021,1934,Centro,Shared room,78,Host_758
29-01-2021,2108,Malasaña,Shared room,290,Host_759
30-01-2021,1845,Centro,Shared room,265,Host_760
31-01-2021,2424,Salamanca,Private room,108,Host_761
01-02-2021,1959,Salamanca,Private room,192,Host_762
02-02-2021,2075,Centro,Shared room,119,Host_763
03-02-2021,2185,Centro,Private room,145,Host_764
04-02-2021,2534,Malasaña,Private room,93,Host_765
05-02-2021,2732,Salamanca,Shared room,275,Host_766
06-02-2021,2759,Retiro,Shared room,213,Host_767
07-02-2021,1833,Retiro,Entire home/apt,133,Host_768
08-02-2021,2112,Malasaña,Private room,170,Host_769
09-02-2021,2061,Malasaña,Shared room,106,Host_770
10-02-2021,2348,Malasaña,Private room,166,Host_771
11-02-2021,2336,Salamanca,Private room,113,Host_772
12-02-2021,2075,Centro,Private room,253,Host_773
13-02-2021,2058,Centro,Entire home/apt,148,Host_774
14-02-2021,1964,Malasaña,Shared room,290,Host_775
15-02-2021,1474,Salamanca,Private room,87,Host_776
16-02-2021,1887,Retiro,Shared room,297,Host_777
17-02-2021,2544,Malasaña,Private room,194,Host_778
18-02-2021,2730,Salamanca,Shared room,76,Host_779
19-02-2021,2701,Malasaña,Shared room,66,Host_780
20-02-2021,2576,Salamanca,Shared room,112,Host_781
21-02-2021,2007,Salamanca,Private room,60,Host_782
22-02-2021,1963,Malasaña,Entire home/apt,113,Host_783
23-02-2021,1780,Centro,Shared room,296,Host_784
24-02-2021,2156,Malasaña,Entire home/apt,88,Host_785
25-02-2021,2363,Centro,Shared room,179,Host_786
26-02-2021,2042,Centro,Entire home/apt,164,Host_787
27-02-2021,2480,Retiro,Shared room,243,Host_788
28-02-2021,2553,Salamanca,Entire home/apt,231,Host_789
01-03-2021,2222,Malasaña,Shared room,206,Host_790
02-03-2021,1969,Salamanca,Shared room,94,Host_791
03-03-2021,2792,Retiro,Entire home/apt,265,Host_792
04-03-2021,2395,Centro,Shared room,137,Host_793
05-03-2021,2974,Malasaña,Private room,129,Host_794
06-03-2021,2426,Salamanca,Shared room,208,Host_795
07-03-2021,2454,Retiro,Shared room,226,Host_796
08-03-2021,2123,Centro,Private room,284,Host_797
09-03-2021,2292,Centro,Private room,58,Host_798
10-03-2021,1958,Salamanca,Private room,204,Host_799
11-03-2021,2030,Centro,Entire home/apt,233,Host_800
12-03-2021,2662,Retiro,Private room,154,Host_801
13-03-2021,2362,Centro,Entire home/apt,174,Host_802
14-03-2021,2327,Malasaña,Private room,127,Host_803
15-03-2021,2238,Malasaña,Entire home/apt,94,Host_804
16-03-2021,2352,Salamanca,Private room,266,Host_805
17-03-2021,2814,Retiro,Private room,220,Host_806
18-03-2021,2525,Centro,Shared room,157,Host_807
19-03-2021,2134,Centro,Private room,199,Host_808
20-03-2021,2804,Centro,Shared room,148,Host_809
21-03-2021,3020,Malasaña,Private room,210,Host_810
22-03-2021,2658,Retiro,Private room,76,Host_811
23-03-2021,2784,Centro,Shared room,89,Host_812
24-03-2021,2889,Salamanca,Shared room,75,Host_813
25-03-2021,2033,Retiro,Entire home/apt,132,Host_814
26-03-2021,3096,Retiro,Shared room,222,Host_815
27-03-2021,2874,Centro,Entire home/apt,280,Host_816
28-03-2021,2698,Malasaña,Private room,222,Host_817
29-03-2021,2520,Retiro,Shared room,75,Host_818
30-03-2021,2164,Salamanca,Shared room,119,Host_819
31-03-2021,2473,Retiro,Private room,116,Host_820
01-04-2021,2714,Malasaña,Private room,55,Host_821
02-04-2021,2255,Salamanca,Private room,77,Host_822
03-04-2021,2572,Malasaña,Private room,244,Host_823
04-04-2021,2245,Centro,Shared room,62,Host_824
05-04-2021,2492,Retiro,Private room,112,Host_825
06-04-2021,2208,Salamanca,Private room,62,Host_826
07-04-2021,2184,Malasaña,Shared room,298,Host_827
08-04-2021,2730,Centro,Entire home/apt,254,Host_828
09-04-2021,2462,Salamanca,Shared room,178,Host_829
10-04-2021,2497,Retiro,Entire home/apt,89,Host_830
11-04-2021,2460,Retiro,Private room,214,Host_831
12-04-2021,3474,Malasaña,Shared room,80,Host_832
13-04-2021,2846,Salamanca,Private room,293,Host_833
14-04-2021,2885,Centro,Shared room,66,Host_834
15-04-2021,2445,Centro,Entire home/apt,186,Host_835
16-04-2021,2836,Centro,Shared room,158,Host_836
17-04-2021,2624,Malasaña,Private room,113,Host_837
18-04-2021,2464,Centro,Shared room,106,Host_838
19-04-2021,3285,Salamanca,Private room,190,Host_839
20-04-2021,2885,Malasaña,Shared room,214,Host_840
21-04-2021,2877,Retiro,Entire home/apt,191,Host_841
22-04-2021,2436,Malasaña,Shared room,252,Host_842
23-04-2021,2354,Malasaña,Shared room,74,Host_843
24-04-2021,2724,Malasaña,Shared room,272,Host_844
25-04-2021,2577,Salamanca,Shared room,171,Host_845
26-04-2021,2940,Retiro,Entire home/apt,127,Host_846
27-04-2021,2967,Retiro,Private room,106,Host_847
28-04-2021,2790,Malasaña,Shared room,120,Host_848
29-04-2021,3026,Malasaña,Shared room,137,Host_849
30-04-2021,2842,Malasaña,Shared room,162,Host_850
01-05-2021,2530,Salamanca,Entire home/apt,149,Host_851
02-05-2021,2739,Salamanca,Private room,219,Host_852
03-05-2021,2846,Centro,Private room,219,Host_853
04-05-2021,3092,Retiro,Shared room,96,Host_854
05-05-2021,2887,Centro,Shared room,165,Host_855
06-05-2021,2656,Centro,Private room,221,Host_856
07-05-2021,3124,Malasaña,Shared room,218,Host_857
08-05-2021,2956,Salamanca,Shared room,180,Host_858
09-05-2021,3312,Centro,Shared room,288,Host_859
10-05-2021,2882,Centro,Entire home/apt,285,Host_860
11-05-2021,2552,Centro,Entire home/apt,139,Host_861
12-05-2021,3223,Malasaña,Private room,160,Host_862
13-05-2021,2704,Malasaña,Entire home/apt,139,Host_863
14-05-2021,2973,Salamanca,Entire home/apt,178,Host_864
15-05-2021,2947,Centro,Private room,256,Host_865
16-05-2021,2912,Centro,Entire home/apt,188,Host_866
17-05-2021,2855,Salamanca,Private room,278,Host_867
18-05-2021,2417,Salamanca,Shared room,184,Host_868
19-05-2021,2619,Salamanca,Private room,61,Host_869
20-05-2021,3263,Retiro,Private room,293,Host_870
21-05-2021,3063,Salamanca,Private room,298,Host_871
22-05-2021,3514,Malasaña,Shared room,215,Host_872
23-05-2021,2637,Retiro,Shared room,231,Host_873
24-05-2021,2946,Salamanca,Shared room,244,Host_874
25-05-2021,3311,Malasaña,Private room,155,Host_875
26-05-2021,2800,Salamanca,Private room,171,Host_876
27-05-2021,2831,Salamanca,Private room,102,Host_877
28-05-2021,2896,Retiro,Private room,267,Host_878
29-05-2021,2857,Malasaña,Private room,295,Host_879
30-05-2021,3157,Centro,Private room,271,Host_880
31-05-2021,2471,Salamanca,Private room,209,Host_881
01-06-2021,3505,Retiro,Entire home/apt,149,Host_882
02-06-2021,2731,Malasaña,Shared room,222,Host_883
03-06-2021,2391,Salamanca,Entire home/apt,228,Host_884
04-06-2021,3030,Centro,Shared room,86,Host_885
05-06-2021,2927,Malasaña,Private room,168,Host_886
06-06-2021,2994,Malasaña,Entire home/apt,108,Host_887
07-06-2021,3148,Retiro,Private room,103,Host_888
08-06-2021,3255,Salamanca,Entire home/apt,195,Host_889
09-06-2021,3575,Salamanca,Entire home/apt,50,Host_890
10-06-2021,2869,Malasaña,Private room,294,Host_891
11-06-2021,3315,Salamanca,Entire home/apt,198,Host_892
12-06-2021,3303,Malasaña,Entire home/apt,77,Host_893
13-06-2021,2305,Centro,Shared room,161,Host_894
14-06-2021,2854,Retiro,Private room,65,Host_895
15-06-2021,2725,Salamanca,Private room,225,Host_896
16-06-2021,3252,Salamanca,Entire home/apt,77,Host_897
17-06-2021,3226,Retiro,Private room,199,Host_898
18-06-2021,3240,Centro,Shared room,260,Host_899
19-06-2021,3047,Centro,Shared room,161,Host_900
20-06-2021,3085,Centro,Private room,178,Host_901
21-06-2021,3145,Centro,Private room,272,Host_902
22-06-2021,3040,Centro,Shared room,165,Host_903
23-06-2021,3400,Malasaña,Private room,293,Host_904
24-06-2021,2853,Salamanca,Entire home/apt,219,Host_905
25-06-2021,2947,Salamanca,Private room,147,Host_906
26-06-2021,3225,Salamanca,Entire home/apt,287,Host_907
27-06-2021,3085,Malasaña,Shared room,281,Host_908
28-06-2021,2869,Retiro,Private room,119,Host_909
29-06-2021,3369,Centro,Shared room,141,Host_910
30-06-2021,3044,Retiro,Private room,52,Host_911
01-07-2021,2970,Centro,Entire home/apt,272,Host_912
02-07-2021,3178,Centro,Private room,257,Host_913
03-07-2021,2969,Retiro,Shared room,130,Host_914
04-07-2021,3234,Salamanca,Entire home/apt,93,Host_915
05-07-2021,3143,Malasaña,Private room,204,Host_916
06-07-2021,3104,Retiro,Shared room,228,Host_917
07-07-2021,3113,Salamanca,Shared room,73,Host_918
08-07-2021,3570,Centro,Private room,197,Host_919
09-07-2021,3389,Salamanca,Shared room,209,Host_920
10-07-2021,2772,Centro,Entire home/apt,148,Host_921
11-07-2021,3557,Centro,Private room,190,Host_922
12-07-2021,3454,Salamanca,Entire home/apt,161,Host_923
13-07-2021,3443,Centro,Shared room,220,Host_924
14-07-2021,3579,Malasaña,Shared room,197,Host_925
15-07-2021,3324,Salamanca,Shared room,172,Host_926
16-07-2021,3512,Retiro,Entire home/apt,161,Host_927
17-07-2021,3194,Centro,Shared room,293,Host_928
18-07-2021,3594,Centro,Private room,179,Host_929
19-07-2021,3412,Malasaña,Private room,117,Host_930
20-07-2021,2940,Malasaña,Shared room,140,Host_931
21-07-2021,3671,Retiro,Private room,109,Host_932
22-07-2021,3328,Centro,Entire home/apt,266,Host_933
23-07-2021,3293,Retiro,Entire home/apt,181,Host_934
24-07-2021,3248,Retiro,Shared room,173,Host_935
25-07-2021,3277,Centro,Private room,145,Host_936
26-07-2021,3463,Retiro,Private room,194,Host_937
27-07-2021,3105,Retiro,Shared room,178,Host_938
28-07-2021,2937,Malasaña,Entire home/apt,82,Host_939
29-07-2021,3095,Malasaña,Shared room,79,Host_940
30-07-2021,3536,Retiro,Private room,54,Host_941
31-07-2021,3379,Centro,Private room,167,Host_942
01-08-2021,3768,Malasaña,Shared room,189,Host_943
02-08-2021,3422,Retiro,Entire home/apt,279,Host_944
03-08-2021,3701,Salamanca,Entire home/apt,209,Host_945
04-08-2021,3247,Salamanca,Shared room,87,Host_946
05-08-2021,3331,Retiro,Private room,298,Host_947
06-08-2021,3471,Salamanca,Entire home/apt,66,Host_948
07-08-2021,3430,Malasaña,Shared room,235,Host_949
08-08-2021,3409,Centro,Private room,295,Host_950
09-08-2021,3226,Retiro,Entire home/apt,158,Host_951
10-08-2021,3018,Malasaña,Entire home/apt,89,Host_952
11-08-2021,3690,Centro,Shared room,273,Host_953
12-08-2021,3663,Salamanca,Private room,201,Host_954
13-08-2021,3330,Salamanca,Entire home/apt,189,Host_955
14-08-2021,3634,Salamanca,Shared room,160,Host_956
15-08-2021,3477,Salamanca,Entire home/apt,177,Host_957
16-08-2021,3865,Malasaña,Private room,144,Host_958
17-08-2021,3146,Malasaña,Entire home/apt,196,Host_959
18-08-2021,3508,Centro,Private room,78,Host_960
19-08-2021,3491,Retiro,Entire home/apt,262,Host_961
20-08-2021,3608,Centro,Entire home/apt,267,Host_962
21-08-2021,4027,Retiro,Shared room,229,Host_963
22-08-2021,3535,Salamanca,Entire home/apt,269,Host_964
23-08-2021,3802,Salamanca,Private room,194,Host_965
24-08-2021,3541,Salamanca,Shared room,122,Host_966
25-08-2021,3913,Salamanca,Private room,70,Host_967
26-08-2021,3824,Malasaña,Private room,291,Host_968
27-08-2021,3504,Centro,Shared room,109,Host_969
28-08-2021,3489,Retiro,Private room,147,Host_970
29-08-2021,3763,Retiro,Entire home/apt,124,Host_971
30-08-2021,3427,Malasaña,Shared room,168,Host_972
31-08-2021,3687,Salamanca,Entire home/apt,197,Host_973
01-09-2021,3529,Centro,Entire home/apt,162,Host_974
02-09-2021,3753,Salamanca,Private room,230,Host_975
03-09-2021,3600,Malasaña,Private room,163,Host_976
04-09-2021,3447,Retiro,Entire home/apt,288,Host_977
05-09-2021,3992,Malasaña,Shared room,152,Host_978
06-09-2021,3739,Retiro,Entire home/apt,129,Host_979
07-09-2021,3657,Centro,Entire home/apt,112,Host_980
08-09-2021,3806,Retiro,Private room,106,Host_981
09-09-2021,3184,Centro,Private room,78,Host_982
10-09-2021,4319,Salamanca,Entire home/apt,178,Host_983
11-09-2021,3705,Salamanca,Entire home/apt,173,Host_984
12-09-2021,3115,Malasaña,Private room,259,Host_985
13-09-2021,4069,Centro,Entire home/apt,108,Host_986
14-09-2021,3491,Salamanca,Private room,241,Host_987
15-09-2021,4036,Centro,Entire home/apt,135,Host_988
16-09-2021,3765,Salamanca,Shared room,249,Host_989
17-09-2021,3264,Salamanca,Shared room,120,Host_990
18-09-2021,3819,Retiro,Entire home/apt,138,Host_991
19-09-2021,3803,Malasaña,Private room,271,Host_992
20-09-2021,4098,Retiro,Entire home/apt,147,Host_993
21-09-2021,3915,Centro,Entire home/apt,93,Host_994
22-09-2021,3393,Salamanca,Private room,225,Host_995
23-09-2021,4071,Malasaña,Entire home/apt,282,Host_996
24-09-2021,3652,Salamanca,Private room,165,Host_997
25-09-2021,4299,Salamanca,Entire home/apt,124,Host_998
26-09-2021,3682,Retiro,Private room,192,Host_999
27-09-2021,3731,Centro,Entire home/apt,212,Host_1000
28-09-2021,3554,Malasaña,Shared room,72,Host_1001
29-09-2021,3657,Malasaña,Private room,230,Host_1002
30-09-2021,3583,Malasaña,Shared room,94,Host_1003
01-10-2021,4171,Centro,Private room,262,Host_1004
02-10-2021,3424,Malasaña,Private room,141,Host_1005
03-10-2021,4071,Centro,Private room,62,Host_1006
04-10-2021,4084,Malasaña,Private room,83,Host_1007
05-10-2021,4254,Salamanca,Entire home/apt,215,Host_1008
06-10-2021,3860,Centro,Entire home/apt,119,Host_1009
07-10-2021,3545,Retiro,Private room,157,Host_1010
08-10-2021,3807,Malasaña,Entire home/apt,245,Host_1011
09-10-2021,4042,Retiro,Private room,182,Host_1012
10-10-2021,3895,Centro,Private room,296,Host_1013
11-10-2021,3985,Salamanca,Shared room,175,Host_1014
12-10-2021,4291,Retiro,Private room,217,Host_1015
13-10-2021,4061,Retiro,Private room,247,Host_1016
14-10-2021,3952,Salamanca,Entire home/apt,70,Host_1017
15-10-2021,3344,Salamanca,Private room,205,Host_1018
16-10-2021,3668,Centro,Private room,180,Host_1019
17-10-2021,3787,Malasaña,Shared room,72,Host_1020
18-10-2021,3321,Retiro,Entire home/apt,249,Host_1021
19-10-2021,3587,Retiro,Entire home/apt,68,Host_1022
20-10-2021,3845,Centro,Shared room,294,Host_1023
21-10-2021,3899,Malasaña,Private room,252,Host_1024
22-10-2021,4088,Centro,Shared room,99,Host_1025
23-10-2021,3880,Retiro,Entire home/apt,251,Host_1026
24-10-2021,4022,Retiro,Shared room,235,Host_1027
25-10-2021,3827,Salamanca,Entire home/apt,269,Host_1028
26-10-2021,3971,Salamanca,Shared room,69,Host_1029
27-10-2021,4099,Malasaña,Private room,285,Host_1030
28-10-2021,4411,Retiro,Private room,165,Host_1031
29-10-2021,3820,Retiro,Entire home/apt,141,Host_1032
30-10-2021,4023,Salamanca,Shared room,142,Host_1033
31-10-2021,4245,Centro,Entire home/apt,249,Host_1034
01-11-2021,3558,Centro,Private room,132,Host_1035
02-11-2021,4595,Retiro,Entire home/apt,102,Host_1036
03-11-2021,4354,Retiro,Private room,289,Host_1037
04-11-2021,3492,Malasaña,Entire home/apt,172,Host_1038
05-11-2021,4122,Malasaña,Shared room,134,Host_1039
06-11-2021,3847,Salamanca,Private room,131,Host_1040
07-11-2021,3902,Retiro,Entire home/apt,58,Host_1041
08-11-2021,4131,Centro,Private room,53,Host_1042
09-11-2021,4346,Malasaña,Shared room,218,Host_1043
10-11-2021,3897,Salamanca,Private room,74,Host_1044
11-11-2021,3906,Salamanca,Shared room,83,Host_1045
12-11-2021,4158,Centro,Private room,122,Host_1046
13-11-2021,4223,Malasaña,Shared room,186,Host_1047
14-11-2021,3754,Centro,Private room,131,Host_1048
15-11-2021,4579,Salamanca,Shared room,252,Host_1049
16-11-2021,3874,Retiro,Entire home/apt,190,Host_1050
17-11-2021,4361,Centro,Entire home/apt,279,Host_1051
18-11-2021,4212,Salamanca,Private room,186,Host_1052
19-11-2021,4263,Retiro,Shared room,257,Host_1053
20-11-2021,3899,Retiro,Entire home/apt,53,Host_1054
21-11-2021,3574,Malasaña,Private room,211,Host_1055
22-11-2021,4089,Malasaña,Entire home/apt,56,Host_1056
23-11-2021,4096,Salamanca,Shared room,64,Host_1057
24-11-2021,3818,Centro,Private room,298,Host_1058
25-11-2021,4386,Retiro,Shared room,87,Host_1059
26-11-2021,4100,Malasaña,Shared room,252,Host_1060
27-11-2021,3877,Malasaña,Shared room,273,Host_1061
28-11-2021,4300,Centro,Entire home/apt,140,Host_1062
29-11-2021,4313,Malasaña,Private room,271,Host_1063
30-11-2021,3919,Salamanca,Shared room,101,Host_1064
01-12-2021,4509,Centro,Entire home/apt,130,Host_1065
02-12-2021,4816,Retiro,Shared room,149,Host_1066
03-12-2021,3821,Salamanca,Entire home/apt,260,Host_1067
04-12-2021,4097,Retiro,Private room,56,Host_1068
05-12-2021,4258,Retiro,Private room,156,Host_1069
06-12-2021,4846,Malasaña,Private room,94,Host_1070
07-12-2021,3946,Salamanca,Private room,108,Host_1071
08-12-2021,3889,Salamanca,Shared room,171,Host_1072
09-12-2021,3891,Centro,Entire home/apt,70,Host_1073
10-12-2021,4546,Salamanca,Private room,205,Host_1074
11-12-2021,3971,Centro,Shared room,52,Host_1075
12-12-2021,3933,Salamanca,Private room,191,Host_1076
13-12-2021,4262,Retiro,Private room,51,Host_1077
14-12-2021,4289,Centro,Private room,78,Host_1078
15-12-2021,4523,Salamanca,Entire home/apt,195,Host_1079
16-12-2021,4233,Centro,Entire home/apt,86,Host_1080
17-12-2021,4285,Malasaña,Entire home/apt,222,Host_1081
18-12-2021,4183,Malasaña,Private room,94,Host_1082
19-12-2021,3827,Centro,Shared room,201,Host_1083
20-12-2021,4163,Centro,Shared room,169,Host_1084
21-12-2021,4246,Retiro,Shared room,95,Host_1085
22-12-2021,4098,Salamanca,Private room,189,Host_1086
23-12-2021,3766,Malasaña,Entire home/apt,102,Host_1087
24-12-2021,3899,Malasaña,Shared room,94,Host_1088
25-12-2021,4232,Salamanca,Private room,81,Host_1089
26-12-2021,4527,Malasaña,Private room,67,Host_1090
27-12-2021,4756,Malasaña,Shared room,62,Host_1091
28-12-2021,4200,Centro,Shared room,181,Host_1092
29-12-2021,4045,Malasaña,Private room,72,Host_1093
30-12-2021,4152,Malasaña,Shared room,111,Host_1094
31-12-2021,3954,Malasaña,Private room,103,Host_1095
01-01-2022,4508,Salamanca,Shared room,251,Host_1096
02-01-2022,4917,Retiro,Entire home/apt,232,Host_1097
03-01-2022,4072,Centro,Private room,118,Host_1098
04-01-2022,3926,Retiro,Entire home/apt,291,Host_1099
05-01-2022,4589,Malasaña,Shared room,217,Host_1100
06-01-2022,4386,Malasaña,Private room,63,Host_1101
07-01-2022,4395,Malasaña,Shared room,147,Host_1102
08-01-2022,4775,Retiro,Private room,77,Host_1103
09-01-2022,3892,Salamanca,Shared room,249,Host_1104
10-01-2022,3888,Salamanca,Entire home/apt,257,Host_1105
11-01-2022,4261,Centro,Entire home/apt,144,Host_1106
12-01-2022,4333,Retiro,Shared room,120,Host_1107
13-01-2022,4211,Salamanca,Entire home/apt,116,Host_1108
14-01-2022,5059,Centro,Entire home/apt,206,Host_1109
15-01-2022,4231,Malasaña,Shared room,149,Host_1110
16-01-2022,4163,Malasaña,Private room,110,Host_1111
17-01-2022,4369,Centro,Shared room,152,Host_1112
18-01-2022,4626,Salamanca,Private room,245,Host_1113
19-01-2022,4121,Retiro,Entire home/apt,186,Host_1114
20-01-2022,4298,Centro,Entire home/apt,168,Host_1115
21-01-2022,4646,Salamanca,Entire home/apt,66,Host_1116
22-01-2022,4666,Centro,Entire home/apt,98,Host_1117
23-01-2022,4418,Salamanca,Entire home/apt,240,Host_1118
24-01-2022,5082,Malasaña,Private room,261,Host_1119
25-01-2022,4954,Centro,Private room,127,Host_1120
26-01-2022,3941,Retiro,Private room,95,Host_1121
27-01-2022,3859,Centro,Shared room,142,Host_1122
28-01-2022,4608,Malasaña,Entire home/apt,170,Host_1123
29-01-2022,4782,Malasaña,Entire home/apt,62,Host_1124
30-01-2022,4309,Salamanca,Entire home/apt,277,Host_1125
31-01-2022,4229,Malasaña,Shared room,94,Host_1126
01-02-2022,4136,Salamanca,Shared room,230,Host_1127
02-02-2022,4035,Malasaña,Shared room,66,Host_1128
03-02-2022,4730,Salamanca,Entire home/apt,96,Host_1129
04-02-2022,4278,Retiro,Private room,111,Host_1130
05-02-2022,4486,Salamanca,Shared room,227,Host_1131
06-02-2022,3851,Salamanca,Shared room,92,Host_1132
07-02-2022,4702,Retiro,Private room,117,Host_1133
08-02-2022,4581,Salamanca,Shared room,173,Host_1134
09-02-2022,4004,Salamanca,Private room,261,Host_1135
10-02-2022,4488,Retiro,Entire home/apt,252,Host_1136
11-02-2022,4415,Malasaña,Private room,283,Host_1137
12-02-2022,4281,Centro,Private room,263,Host_1138
13-02-2022,3548,Salamanca,Entire home/apt,158,Host_1139
14-02-2022,4224,Malasaña,Shared room,295,Host_1140
15-02-2022,4516,Centro,Entire home/apt,249,Host_1141
16-02-2022,4263,Retiro,Shared room,77,Host_1142
17-02-2022,4364,Salamanca,Shared room,222,Host_1143
18-02-2022,4883,Salamanca,Private room,218,Host_1144
19-02-2022,4413,Retiro,Entire home/apt,143,Host_1145
20-02-2022,3810,Salamanca,Private room,274,Host_1146
21-02-2022,4387,Centro,Entire home/apt,274,Host_1147
22-02-2022,4475,Centro,Entire home/apt,288,Host_1148
23-02-2022,4200,Retiro,Private room,167,Host_1149
24-02-2022,4670,Salamanca,Shared room,213,Host_1150
25-02-2022,4014,Malasaña,Shared room,140,Host_1151
26-02-2022,4414,Salamanca,Entire home/apt,133,Host_1152
27-02-2022,4016,Retiro,Shared room,82,Host_1153
28-02-2022,4372,Malasaña,Private room,74,Host_1154
01-03-2022,4675,Centro,Private room,285,Host_1155
02-03-2022,4417,Centro,Private room,284,Host_1156
03-03-2022,4402,Malasaña,Entire home/apt,68,Host_1157
04-03-2022,4479,Malasaña,Entire home/apt,224,Host_1158
05-03-2022,4496,Retiro,Shared room,262,Host_1159
06-03-2022,4684,Salamanca,Private room,155,Host_1160
07-03-2022,4688,Centro,Private room,82,Host_1161
08-03-2022,4907,Salamanca,Entire home/apt,297,Host_1162
09-03-2022,4533,Centro,Entire home/apt,116,Host_1163
10-03-2022,3987,Salamanca,Entire home/apt,191,Host_1164
11-03-2022,4745,Centro,Private room,256,Host_1165
12-03-2022,4894,Salamanca,Private room,210,Host_1166
13-03-2022,5230,Retiro,Shared room,91,Host_1167
14-03-2022,4930,Centro,Private room,263,Host_1168
15-03-2022,4349,Retiro,Shared room,242,Host_1169
16-03-2022,4555,Centro,Shared room,144,Host_1170
17-03-2022,4419,Centro,Private room,96,Host_1171
18-03-2022,4381,Centro,Shared room,84,Host_1172
19-03-2022,4471,Salamanca,Shared room,166,Host_1173
20-03-2022,4893,Centro,Entire home/apt,261,Host_1174
21-03-2022,4032,Retiro,Private room,209,Host_1175
22-03-2022,4210,Salamanca,Shared room,232,Host_1176
23-03-2022,4879,Salamanca,Shared room,231,Host_1177
24-03-2022,4951,Centro,Shared room,125,Host_1178
25-03-2022,4319,Malasaña,Private room,228,Host_1179
26-03-2022,5014,Salamanca,Entire home/apt,257,Host_1180
27-03-2022,4814,Centro,Entire home/apt,236,Host_1181
28-03-2022,4443,Retiro,Private room,249,Host_1182
29-03-2022,3794,Malasaña,Private room,297,Host_1183
30-03-2022,4026,Salamanca,Private room,191,Host_1184
31-03-2022,4331,Malasaña,Private room,195,Host_1185
01-04-2022,4758,Salamanca,Entire home/apt,177,Host_1186
02-04-2022,4761,Malasaña,Shared room,104,Host_1187
03-04-2022,4394,Malasaña,Shared room,271,Host_1188
04-04-2022,4466,Retiro,Private room,274,Host_1189
05-04-2022,4528,Malasaña,Private room,147,Host_1190
06-04-2022,4473,Retiro,Shared room,233,Host_1191
07-04-2022,4590,Centro,Entire home/apt,157,Host_1192
08-04-2022,4533,Salamanca,Private room,98,Host_1193
09-04-2022,4042,Retiro,Private room,275,Host_1194
10-04-2022,4483,Salamanca,Entire home/apt,237,Host_1195
11-04-2022,4540,Retiro,Entire home/apt,162,Host_1196
12-04-2022,4846,Salamanca,Entire home/apt,230,Host_1197
13-04-2022,4301,Retiro,Private room,248,Host_1198
14-04-2022,4613,Salamanca,Entire home/apt,183,Host_1199
15-04-2022,4722,Centro,Private room,119,Host_1200
16-04-2022,4510,Salamanca,Private room,135,Host_1201
17-04-2022,4030,Centro,Entire home/apt,185,Host_1202
18-04-2022,4861,Centro,Shared room,278,Host_1203
19-04-2022,4783,Centro,Entire home/apt,192,Host_1204
20-04-2022,4629,Malasaña,Shared room,203,Host_1205
21-04-2022,4574,Salamanca,Entire home/apt,88,Host_1206
22-04-2022,4029,Malasaña,Entire home/apt,180,Host_1207
23-04-2022,4797,Malasaña,Private room,234,Host_1208
24-04-2022,5012,Salamanca,Private room,59,Host_1209
25-04-2022,4233,Centro,Private room,52,Host_1210
26-04-2022,4972,Malasaña,Private room,271,Host_1211
27-04-2022,4909,Malasaña,Private room,95,Host_1212
28-04-2022,4228,Retiro,Private room,199,Host_1213
29-04-2022,4453,Salamanca,Private room,116,Host_1214
30-04-2022,4154,Malasaña,Shared room,242,Host_1215
01-05-2022,4554,Salamanca,Shared room,146,Host_1216
02-05-2022,4710,Salamanca,Private room,68,Host_1217
03-05-2022,4180,Malasaña,Shared room,277,Host_1218
04-05-2022,4693,Salamanca,Entire home/apt,111,Host_1219
05-05-2022,4770,Centro,Shared room,147,Host_1220
06-05-2022,4775,Malasaña,Private room,106,Host_1221
07-05-2022,4717,Malasaña,Shared room,144,Host_1222
08-05-2022,4213,Malasaña,Entire home/apt,156,Host_1223
09-05-2022,4546,Retiro,Shared room,137,Host_1224
10-05-2022,4689,Retiro,Private room,253,Host_1225
11-05-2022,5022,Retiro,Entire home/apt,190,Host_1226
12-05-2022,4586,Retiro,Entire home/apt,193,Host_1227
13-05-2022,4713,Malasaña,Shared room,193,Host_1228
14-05-2022,4307,Centro,Entire home/apt,164,Host_1229
15-05-2022,4241,Salamanca,Entire home/apt,168,Host_1230
16-05-2022,4203,Salamanca,Entire home/apt,101,Host_1231
17-05-2022,4463,Malasaña,Private room,294,Host_1232
18-05-2022,5208,Centro,Entire home/apt,261,Host_1233
19-05-2022,4470,Salamanca,Shared room,90,Host_1234
20-05-2022,4701,Centro,Shared room,97,Host_1235
21-05-2022,4759,Malasaña,Entire home/apt,140,Host_1236
22-05-2022,4265,Retiro,Shared room,88,Host_1237
23-05-2022,4463,Centro,Entire home/apt,62,Host_1238
24-05-2022,4781,Salamanca,Shared room,181,Host_1239
25-05-2022,4723,Salamanca,Entire home/apt,145,Host_1240
26-05-2022,3997,Salamanca,Entire home/apt,158,Host_1241
27-05-2022,4774,Retiro,Entire home/apt,153,Host_1242
28-05-2022,4431,Centro,Private room,147,Host_1243
29-05-2022,4439,Centro,Shared room,280,Host_1244
30-05-2022,4719,Salamanca,Entire home/apt,92,Host_1245
31-05-2022,5055,Centro,Private room,258,Host_1246
01-06-2022,4538,Salamanca,Private room,137,Host_1247
02-06-2022,4952,Centro,Entire home/apt,142,Host_1248
03-06-2022,4167,Retiro,Entire home/apt,223,Host_1249
04-06-2022,4639,Retiro,Entire home/apt,269,Host_1250
05-06-2022,4437,Malasaña,Entire home/apt,175,Host_1251
06-06-2022,4685,Malasaña,Entire home/apt,158,Host_1252
07-06-2022,4512,Malasaña,Shared room,96,Host_1253
08-06-2022,4198,Centro,Entire home/apt,263,Host_1254
09-06-2022,4335,Retiro,Entire home/apt,141,Host_1255
10-06-2022,4108,Retiro,Shared room,230,Host_1256
11-06-2022,4210,Retiro,Private room,202,Host_1257
12-06-2022,4746,Salamanca,Shared room,90,Host_1258
13-06-2022,4527,Centro,Private room,52,Host_1259
14-06-2022,4671,Centro,Private room,170,Host_1260
15-06-2022,5147,Malasaña,Shared room,126,Host_1261
16-06-2022,4514,Salamanca,Entire home/apt,144,Host_1262
17-06-2022,4793,Salamanca,Private room,62,Host_1263
18-06-2022,4611,Retiro,Entire home/apt,154,Host_1264
19-06-2022,5432,Malasaña,Shared room,67,Host_1265
20-06-2022,3698,Centro,Private room,86,Host_1266
21-06-2022,4388,Salamanca,Entire home/apt,220,Host_1267
22-06-2022,4799,Retiro,Private room,211,Host_1268
23-06-2022,4377,Centro,Private room,258,Host_1269
24-06-2022,4773,Retiro,Shared room,104,Host_1270
25-06-2022,4585,Centro,Entire home/apt,101,Host_1271
26-06-2022,4863,Retiro,Entire home/apt,262,Host_1272
27-06-2022,4263,Centro,Private room,85,Host_1273
28-06-2022,4655,Malasaña,Entire home/apt,231,Host_1274
29-06-2022,4743,Centro,Private room,236,Host_1275
30-06-2022,4642,Centro,Shared room,163,Host_1276
01-07-2022,4648,Centro,Shared room,297,Host_1277
02-07-2022,4963,Retiro,Entire home/apt,101,Host_1278
03-07-2022,4098,Salamanca,Shared room,281,Host_1279
04-07-2022,4640,Centro,Shared room,68,Host_1280
05-07-2022,4239,Centro,Entire home/apt,189,Host_1281
06-07-2022,4829,Malasaña,Private room,141,Host_1282
07-07-2022,4350,Centro,Shared room,188,Host_1283
08-07-2022,3860,Malasaña,Entire home/apt,97,Host_1284
09-07-2022,4836,Centro,Entire home/apt,150,Host_1285
10-07-2022,4520,Retiro,Entire home/apt,269,Host_1286
11-07-2022,4707,Salamanca,Shared room,148,Host_1287
12-07-2022,5028,Salamanca,Shared room,285,Host_1288
13-07-2022,4711,Salamanca,Private room,256,Host_1289
14-07-2022,4650,Retiro,Private room,193,Host_1290
15-07-2022,4585,Malasaña,Private room,286,Host_1291
16-07-2022,4255,Salamanca,Private room,248,Host_1292
17-07-2022,4534,Retiro,Private room,96,Host_1293
18-07-2022,5190,Retiro,Private room,116,Host_1294
19-07-2022,4485,Centro,Entire home/apt,80,Host_1295
20-07-2022,4550,Malasaña,Private room,125,Host_1296
21-07-2022,4974,Retiro,Shared room,57,Host_1297
22-07-2022,4134,Malasaña,Private room,266,Host_1298
23-07-2022,4782,Salamanca,Shared room,238,Host_1299
24-07-2022,4118,Salamanca,Private room,93,Host_1300
25-07-2022,4714,Salamanca,Entire home/apt,227,Host_1301
26-07-2022,4587,Centro,Entire home/apt,84,Host_1302
27-07-2022,4777,Centro,Shared room,253,Host_1303
28-07-2022,4289,Malasaña,Private room,238,Host_1304
29-07-2022,4432,Malasaña,Entire home/apt,296,Host_1305
30-07-2022,4791,Centro,Entire home/apt,262,Host_1306
31-07-2022,4438,Retiro,Private room,267,Host_1307
01-08-2022,4817,Malasaña,Shared room,232,Host_1308
02-08-2022,4652,Malasaña,Shared room,243,Host_1309
03-08-2022,4455,Salamanca,Shared room,63,Host_1310
04-08-2022,4494,Malasaña,Entire home/apt,159,Host_1311
05-08-2022,4589,Malasaña,Private room,53,Host_1312
06-08-2022,4521,Retiro,Entire home/apt,194,Host_1313
07-08-2022,4805,Malasaña,Entire home/apt,288,Host_1314
08-08-2022,4474,Retiro,Entire home/apt,161,Host_1315
09-08-2022,4413,Salamanca,Entire home/apt,118,Host_1316
10-08-2022,4857,Centro,Private room,201,Host_1317
11-08-2022,4456,Salamanca,Entire home/apt,98,Host_1318
12-08-2022,4420,Retiro,Entire home/apt,104,Host_1319
13-08-2022,3836,Retiro,Shared room,248,Host_1320
14-08-2022,4269,Malasaña,Entire home/apt,200,Host_1321
15-08-2022,4328,Malasaña,Private room,288,Host_1322
16-08-2022,4417,Centro,Entire home/apt,130,Host_1323
17-08-2022,4361,Retiro,Private room,189,Host_1324
18-08-2022,4872,Retiro,Private room,188,Host_1325
19-08-2022,4344,Salamanca,Private room,164,Host_1326
20-08-2022,4365,Centro,Shared room,124,Host_1327
21-08-2022,4621,Salamanca,Shared room,147,Host_1328
22-08-2022,4243,Malasaña,Entire home/apt,176,Host_1329
23-08-2022,5042,Malasaña,Entire home/apt,160,Host_1330
24-08-2022,4812,Salamanca,Entire home/apt,150,Host_1331
25-08-2022,4220,Malasaña,Private room,163,Host_1332
26-08-2022,4874,Salamanca,Private room,78,Host_1333
27-08-2022,4935,Retiro,Private room,111,Host_1334
28-08-2022,4225,Retiro,Entire home/apt,102,Host_1335
29-08-2022,4217,Malasaña,Entire home/apt,166,Host_1336
30-08-2022,4382,Centro,Entire home/apt,225,Host_1337
31-08-2022,4140,Retiro,Entire home/apt,277,Host_1338
01-09-2022,4329,Malasaña,Shared room,140,Host_1339
02-09-2022,4442,Centro,Shared room,296,Host_1340
03-09-2022,4712,Malasaña,Shared room,155,Host_1341
04-09-2022,4585,Salamanca,Entire home/apt,135,Host_1342
05-09-2022,4515,Malasaña,Shared room,177,Host_1343
06-09-2022,4413,Salamanca,Shared room,243,Host_1344
07-09-2022,4164,Retiro,Entire home/apt,288,Host_1345
08-09-2022,4733,Retiro,Shared room,149,Host_1346
09-09-2022,4725,Malasaña,Entire home/apt,225,Host_1347
10-09-2022,4368,Centro,Entire home/apt,143,Host_1348
11-09-2022,4222,Malasaña,Entire home/apt,236,Host_1349
12-09-2022,5018,Malasaña,Private room,248,Host_1350
13-09-2022,4624,Retiro,Entire home/apt,234,Host_1351
14-09-2022,4668,Retiro,Shared room,298,Host_1352
15-09-2022,4679,Malasaña,Shared room,125,Host_1353
16-09-2022,4185,Retiro,Entire home/apt,52,Host_1354
17-09-2022,4995,Salamanca,Private room,130,Host_1355
18-09-2022,4423,Malasaña,Private room,154,Host_1356
19-09-2022,4789,Retiro,Private room,81,Host_1357
20-09-2022,4979,Malasaña,Shared room,57,Host_1358
21-09-2022,4564,Retiro,Private room,136,Host_1359
22-09-2022,4184,Salamanca,Private room,279,Host_1360
23-09-2022,3789,Salamanca,Entire home/apt,79,Host_1361
24-09-2022,4524,Malasaña,Private room,192,Host_1362
25-09-2022,4610,Salamanca,Private room,123,Host_1363
26-09-2022,4359,Salamanca,Private room,232,Host_1364
27-09-2022,4573,Retiro,Entire home/apt,172,Host_1365
28-09-2022,4660,Malasaña,Entire home/apt,170,Host_1366
29-09-2022,4827,Retiro,Private room,87,Host_1367
30-09-2022,4459,Retiro,Shared room,192,Host_1368
01-10-2022,4513,Centro,Shared room,207,Host_1369
02-10-2022,4472,Salamanca,Entire home/apt,223,Host_1370
03-10-2022,4534,Retiro,Private room,241,Host_1371
04-10-2022,4368,Retiro,Shared room,203,Host_1372
05-10-2022,4366,Retiro,Private room,164,Host_1373
06-10-2022,4383,Salamanca,Entire home/apt,158,Host_1374
07-10-2022,4565,Salamanca,Shared room,127,Host_1375
08-10-2022,4262,Salamanca,Entire home/apt,244,Host_1376
09-10-2022,4380,Malasaña,Private room,85,Host_1377
10-10-2022,5056,Retiro,Entire home/apt,139,Host_1378
11-10-2022,4781,Salamanca,Entire home/apt,255,Host_1379
12-10-2022,4224,Retiro,Entire home/apt,208,Host_1380
13-10-2022,4769,Malasaña,Entire home/apt,255,Host_1381
14-10-2022,4696,Centro,Shared room,299,Host_1382
15-10-2022,4475,Malasaña,Private room,89,Host_1383
16-10-2022,4293,Salamanca,Shared room,123,Host_1384
17-10-2022,4257,Salamanca,Private room,250,Host_1385
18-10-2022,4569,Malasaña,Private room,95,Host_1386
19-10-2022,4247,Retiro,Private room,281,Host_1387
20-10-2022,4828,Salamanca,Private room,156,Host_1388
21-10-2022,4912,Salamanca,Private room,219,Host_1389
22-10-2022,4483,Malasaña,Shared room,195,Host_1390
23-10-2022,4836,Retiro,Private room,149,Host_1391
24-10-2022,4369,Malasaña,Entire home/apt,213,Host_1392
25-10-2022,4277,Malasaña,Shared room,253,Host_1393
26-10-2022,4820,Retiro,Shared room,227,Host_1394
27-10-2022,4962,Retiro,Private room,110,Host_1395
28-10-2022,5076,Centro,Entire home/apt,217,Host_1396
29-10-2022,4585,Malasaña,Entire home/apt,52,Host_1397
30-10-2022,4742,Retiro,Private room,131,Host_1398
31-10-2022,4575,Salamanca,Private room,56,Host_1399
01-11-2022,4902,Centro,Entire home/apt,80,Host_1400
02-11-2022,4609,Malasaña,Shared room,114,Host_1401
03-11-2022,4719,Retiro,Shared room,144,Host_1402
04-11-2022,4135,Centro,Private room,113,Host_1403
05-11-2022,4405,Centro,Shared room,295,Host_1404
06-11-2022,4717,Salamanca,Shared room,126,Host_1405
07-11-2022,4688,Centro,Entire home/apt,270,Host_1406
08-11-2022,4739,Malasaña,Shared room,52,Host_1407
09-11-2022,4504,Retiro,Entire home/apt,142,Host_1408
10-11-2022,4271,Centro,Private room,84,Host_1409
11-11-2022,4447,Centro,Private room,64,Host_1410
12-11-2022,4477,Malasaña,Entire home/apt,70,Host_1411
13-11-2022,4534,Salamanca,Entire home/apt,111,Host_1412
14-11-2022,4169,Salamanca,Private room,132,Host_1413
15-11-2022,4378,Retiro,Entire home/apt,205,Host_1414
16-11-2022,4430,Malasaña,Private room,53,Host_1415
17-11-2022,3782,Salamanca,Private room,286,Host_1416
18-11-2022,4703,Retiro,Private room,190,Host_1417
19-11-2022,4501,Retiro,Private room,256,Host_1418
20-11-2022,4530,Salamanca,Private room,228,Host_1419
21-11-2022,4294,Malasaña,Private room,225,Host_1420
22-11-2022,4623,Centro,Shared room,216,Host_1421
23-11-2022,4196,Salamanca,Shared room,273,Host_1422
24-11-2022,4241,Centro,Private room,116,Host_1423
25-11-2022,4630,Centro,Shared room,143,Host_1424
26-11-2022,4547,Malasaña,Entire home/apt,107,Host_1425
27-11-2022,4055,Malasaña,Entire home/apt,261,Host_1426
28-11-2022,4910,Retiro,Private room,179,Host_1427
29-11-2022,4208,Malasaña,Shared room,291,Host_1428
30-11-2022,4394,Retiro,Entire home/apt,74,Host_1429
01-12-2022,4956,Salamanca,Entire home/apt,60,Host_1430
02-12-2022,3812,Centro,Entire home/apt,50,Host_1431
03-12-2022,3917,Malasaña,Entire home/apt,97,Host_1432
04-12-2022,4560,Salamanca,Shared room,162,Host_1433
05-12-2022,3682,Retiro,Entire home/apt,225,Host_1434
06-12-2022,3811,Malasaña,Entire home/apt,187,Host_1435
07-12-2022,4775,Centro,Entire home/apt,130,Host_1436
08-12-2022,4298,Salamanca,Private room,79,Host_1437
09-12-2022,5078,Malasaña,Entire home/apt,212,Host_1438
10-12-2022,4107,Malasaña,Entire home/apt,163,Host_1439
11-12-2022,4320,Salamanca,Shared room,68,Host_1440
12-12-2022,4576,Retiro,Entire home/apt,159,Host_1441
13-12-2022,4554,Retiro,Entire home/apt,230,Host_1442
14-12-2022,4334,Malasaña,Entire home/apt,298,Host_1443
15-12-2022,4214,Retiro,Private room,83,Host_1444
16-12-2022,4477,Retiro,Shared room,81,Host_1445
17-12-2022,4819,Salamanca,Shared room,125,Host_1446
18-12-2022,4633,Retiro,Private room,284,Host_1447
19-12-2022,4213,Retiro,Private room,175,Host_1448
20-12-2022,4103,Salamanca,Shared room,258,Host_1449
21-12-2022,4191,Malasaña,Entire home/apt,183,Host_1450
22-12-2022,4015,Malasaña,Shared room,292,Host_1451
23-12-2022,4440,Salamanca,Private room,190,Host_1452
24-12-2022,4638,Centro,Entire home/apt,280,Host_1453
25-12-2022,4371,Salamanca,Shared room,135,Host_1454
26-12-2022,4907,Centro,Entire home/apt,124,Host_1455
27-12-2022,4922,Retiro,Entire home/apt,241,Host_1456
28-12-2022,4480,Malasaña,Private room,184,Host_1457
29-12-2022,4597,Centro,Shared room,94,Host_1458
30-12-2022,4115,Centro,Private room,222,Host_1459
31-12-2022,4275,Retiro,Shared room,262,Host_1460
01-01-2023,4763,Malasaña,Shared room,114,Host_1461
02-01-2023,4206,Retiro,Entire home/apt,143,Host_1462
03-01-2023,4825,Malasaña,Entire home/apt,68,Host_1463
04-01-2023,4711,Malasaña,Entire home/apt,292,Host_1464
05-01-2023,4601,Retiro,Private room,168,Host_1465
06-01-2023,4022,Centro,Entire home/apt,96,Host_1466
07-01-2023,4278,Salamanca,Private room,95,Host_1467
08-01-2023,4564,Malasaña,Entire home/apt,78,Host_1468
09-01-2023,4073,Malasaña,Private room,276,Host_1469
10-01-2023,4310,Salamanca,Shared room,294,Host_1470
11-01-2023,4591,Salamanca,Private room,261,Host_1471
12-01-2023,4194,Retiro,Private room,149,Host_1472
13-01-2023,4109,Malasaña,Private room,238,Host_1473
14-01-2023,3821,Retiro,Shared room,280,Host_1474
15-01-2023,4244,Salamanca,Private room,114,Host_1475
16-01-2023,4590,Retiro,Shared room,200,Host_1476
17-01-2023,4095,Malasaña,Entire home/apt,272,Host_1477
18-01-2023,4360,Centro,Entire home/apt,177,Host_1478
19-01-2023,4286,Centro,Shared room,297,Host_1479
20-01-2023,4152,Malasaña,Private room,100,Host_1480
21-01-2023,4602,Retiro,Entire home/apt,240,Host_1481
22-01-2023,4842,Salamanca,Private room,276,Host_1482
23-01-2023,4649,Salamanca,Private room,293,Host_1483
24-01-2023,4137,Centro,Shared room,288,Host_1484
25-01-2023,4942,Retiro,Entire home/apt,286,Host_1485
26-01-2023,4644,Salamanca,Shared room,71,Host_1486
27-01-2023,4204,Salamanca,Shared room,159,Host_1487
28-01-2023,4108,Malasaña,Shared room,120,Host_1488
29-01-2023,4675,Retiro,Shared room,82,Host_1489
30-01-2023,4389,Retiro,Private room,176,Host_1490
31-01-2023,4081,Salamanca,Entire home/apt,158,Host_1491
01-02-2023,4290,Retiro,Entire home/apt,149,Host_1492
02-02-2023,4211,Retiro,Entire home/apt,93,Host_1493
03-02-2023,4084,Retiro,Private room,56,Host_1494
04-02-2023,4635,Malasaña,Private room,177,Host_1495
05-02-2023,4563,Salamanca,Shared room,140,Host_1496
06-02-2023,4579,Centro,Shared room,179,Host_1497
07-02-2023,4574,Retiro,Shared room,66,Host_1498
08-02-2023,4050,Salamanca,Shared room,114,Host_1499
09-02-2023,4142,Centro,Entire home/apt,235,Host_1500
10-02-2023,4760,Malasaña,Shared room,159,Host_1501
11-02-2023,4353,Salamanca,Private room,79,Host_1502
12-02-2023,3878,Malasaña,Private room,263,Host_1503
13-02-2023,4383,Salamanca,Private room,141,Host_1504
14-02-2023,4513,Malasaña,Shared room,294,Host_1505
15-02-2023,4473,Salamanca,Entire home/apt,274,Host_1506
16-02-2023,4033,Malasaña,Entire home/apt,203,Host_1507
17-02-2023,4879,Centro,Shared room,212,Host_1508
18-02-2023,3861,Salamanca,Shared room,240,Host_1509
19-02-2023,4344,Centro,Private room,124,Host_1510
20-02-2023,4830,Retiro,Private room,248,Host_1511
21-02-2023,4485,Centro,Entire home/apt,205,Host_1512
22-02-2023,4557,Salamanca,Private room,202,Host_1513
23-02-2023,3989,Centro,Private room,238,Host_1514
24-02-2023,4408,Salamanca,Shared room,154,Host_1515
25-02-2023,4292,Malasaña,Entire home/apt,80,Host_1516
26-02-2023,3963,Retiro,Shared room,231,Host_1517
27-02-2023,4560,Centro,Entire home/apt,244,Host_1518
28-02-2023,4053,Retiro,Shared room,146,Host_1519
01-03-2023,4088,Centro,Entire home/apt,100,Host_1520
02-03-2023,4427,Salamanca,Private room,107,Host_1521
03-03-2023,4253,Centro,Entire home/apt,83,Host_1522
04-03-2023,4346,Retiro,Entire home/apt,236,Host_1523
05-03-2023,4232,Centro,Shared room,70,Host_1524
06-03-2023,4716,Retiro,Entire home/apt,233,Host_1525
07-03-2023,4014,Retiro,Entire home/apt,86,Host_1526
08-03-2023,4151,Salamanca,Entire home/apt,113,Host_1527
09-03-2023,4434,Malasaña,Shared room,290,Host_1528
10-03-2023,3992,Malasaña,Entire home/apt,196,Host_1529
11-03-2023,3977,Centro,Shared room,173,Host_1530
12-03-2023,4327,Retiro,Private room,150,Host_1531
13-03-2023,4545,Salamanca,Shared room,168,Host_1532
14-03-2023,4583,Malasaña,Entire home/apt,134,Host_1533
15-03-2023,4311,Salamanca,Private room,127,Host_1534
16-03-2023,4080,Salamanca,Entire home/apt,251,Host_1535
17-03-2023,4364,Retiro,Shared room,230,Host_1536
18-03-2023,4450,Centro,Private room,248,Host_1537
19-03-2023,4358,Retiro,Private room,270,Host_1538
20-03-2023,4649,Malasaña,Private room,240,Host_1539
21-03-2023,3973,Malasaña,Entire home/apt,153,Host_1540
22-03-2023,4067,Salamanca,Private room,239,Host_1541
23-03-2023,4604,Retiro,Private room,121,Host_1542
24-03-2023,3833,Retiro,Private room,152,Host_1543
25-03-2023,4112,Salamanca,Private room,126,Host_1544
26-03-2023,4053,Centro,Shared room,159,Host_1545
27-03-2023,3803,Salamanca,Entire home/apt,68,Host_1546
28-03-2023,4215,Salamanca,Entire home/apt,252,Host_1547
29-03-2023,4494,Malasaña,Private room,179,Host_1548
30-03-2023,4317,Retiro,Shared room,290,Host_1549
31-03-2023,4509,Malasaña,Private room,183,Host_1550
01-04-2023,4626,Salamanca,Entire home/apt,206,Host_1551
02-04-2023,4152,Retiro,Entire home/apt,218,Host_1552
03-04-2023,5061,Salamanca,Entire home/apt,228,Host_1553
04-04-2023,4162,Salamanca,Private room,182,Host_1554
05-04-2023,4201,Centro,Private room,218,Host_1555
06-04-2023,4052,Malasaña,Shared room,111,Host_1556
07-04-2023,4427,Malasaña,Shared room,207,Host_1557
08-04-2023,4176,Salamanca,Entire home/apt,298,Host_1558
09-04-2023,4239,Centro,Entire home/apt,152,Host_1559
10-04-2023,4200,Salamanca,Shared room,239,Host_1560
11-04-2023,4193,Salamanca,Entire home/apt,149,Host_1561
12-04-2023,4308,Salamanca,Shared room,204,Host_1562
13-04-2023,4125,Centro,Private room,227,Host_1563
14-04-2023,4138,Retiro,Entire home/apt,259,Host_1564
15-04-2023,4581,Centro,Entire home/apt,101,Host_1565
16-04-2023,4170,Salamanca,Shared room,98,Host_1566
17-04-2023,4373,Retiro,Private room,239,Host_1567
18-04-2023,3990,Salamanca,Entire home/apt,149,Host_1568
19-04-2023,4123,Centro,Entire home/apt,237,Host_1569
20-04-2023,3887,Centro,Shared room,175,Host_1570
21-04-2023,4812,Retiro,Private room,167,Host_1571
22-04-2023,4668,Centro,Shared room,257,Host_1572
23-04-2023,4434,Salamanca,Private room,103,Host_1573
24-04-2023,4900,Retiro,Private room,168,Host_1574
25-04-2023,4485,Malasaña,Shared room,182,Host_1575
26-04-2023,4202,Salamanca,Shared room,186,Host_1576
27-04-2023,4365,Malasaña,Private room,211,Host_1577
28-04-2023,4661,Retiro,Shared room,147,Host_1578
29-04-2023,3989,Retiro,Entire home/apt,85,Host_1579
30-04-2023,3901,Salamanca,Entire home/apt,272,Host_1580
01-05-2023,4374,Centro,Entire home/apt,293,Host_1581
02-05-2023,4076,Salamanca,Entire home/apt,197,Host_1582
03-05-2023,3574,Centro,Entire home/apt,130,Host_1583
04-05-2023,3878,Centro,Shared room,261,Host_1584
05-05-2023,4158,Salamanca,Private room,269,Host_1585
06-05-2023,4265,Retiro,Shared room,134,Host_1586
07-05-2023,4274,Salamanca,Entire home/apt,298,Host_1587
08-05-2023,4852,Malasaña,Entire home/apt,132,Host_1588
09-05-2023,4188,Retiro,Shared room,112,Host_1589
10-05-2023,4334,Centro,Shared room,116,Host_1590
11-05-2023,3762,Retiro,Private room,207,Host_1591
12-05-2023,4241,Salamanca,Entire home/apt,246,Host_1592
13-05-2023,4350,Retiro,Shared room,283,Host_1593
14-05-2023,3837,Centro,Private room,247,Host_1594
15-05-2023,3970,Centro,Entire home/apt,52,Host_1595
16-05-2023,4397,Retiro,Entire home/apt,226,Host_1596
17-05-2023,4086,Malasaña,Entire home/apt,91,Host_1597
18-05-2023,4219,Centro,Shared room,73,Host_1598
19-05-2023,4412,Malasaña,Entire home/apt,93,Host_1599
20-05-2023,4861,Centro,Entire home/apt,178,Host_1600
21-05-2023,4183,Retiro,Private room,291,Host_1601
22-05-2023,4781,Centro,Shared room,164,Host_1602
23-05-2023,3663,Malasaña,Private room,231,Host_1603
24-05-2023,4295,Malasaña,Shared room,229,Host_1604
25-05-2023,4150,Retiro,Entire home/apt,85,Host_1605
26-05-2023,4091,Malasaña,Private room,256,Host_1606
27-05-2023,4448,Malasaña,Shared room,282,Host_1607
28-05-2023,4187,Retiro,Shared room,87,Host_1608
29-05-2023,3644,Centro,Entire home/apt,221,Host_1609
30-05-2023,3775,Retiro,Entire home/apt,131,Host_1610
31-05-2023,4468,Centro,Private room,264,Host_1611
01-06-2023,3761,Centro,Private room,224,Host_1612
02-06-2023,4477,Centro,Shared room,78,Host_1613
03-06-2023,4290,Salamanca,Private room,228,Host_1614
04-06-2023,4202,Centro,Entire home/apt,90,Host_1615
05-06-2023,4229,Retiro,Private room,263,Host_1616
06-06-2023,4408,Retiro,Private room,241,Host_1617
07-06-2023,3901,Retiro,Shared room,137,Host_1618
08-06-2023,4267,Salamanca,Entire home/apt,286,Host_1619
09-06-2023,3913,Malasaña,Shared room,97,Host_1620
10-06-2023,4305,Salamanca,Entire home/apt,254,Host_1621
11-06-2023,4450,Retiro,Entire home/apt,274,Host_1622
12-06-2023,4306,Retiro,Shared room,163,Host_1623
13-06-2023,4440,Malasaña,Private room,71,Host_1624
14-06-2023,4048,Salamanca,Shared room,148,Host_1625
15-06-2023,4239,Retiro,Private room,66,Host_1626
16-06-2023,4187,Centro,Shared room,135,Host_1627
17-06-2023,4168,Centro,Shared room,182,Host_1628
18-06-2023,4020,Retiro,Private room,110,Host_1629
19-06-2023,4131,Centro,Private room,138,Host_1630
20-06-2023,3927,Malasaña,Private room,183,Host_1631
21-06-2023,3754,Retiro,Shared room,230,Host_1632
22-06-2023,4052,Salamanca,Private room,130,Host_1633
23-06-2023,4451,Retiro,Private room,144,Host_1634
24-06-2023,4334,Malasaña,Private room,194,Host_1635
25-06-2023,3888,Salamanca,Entire home/apt,108,Host_1636
26-06-2023,4144,Malasaña,Private room,274,Host_1637
27-06-2023,4474,Centro,Private room,216,Host_1638
28-06-2023,4133,Centro,Private room,103,Host_1639
29-06-2023,3843,Centro,Entire home/apt,175,Host_1640
30-06-2023,4947,Malasaña,Entire home/apt,225,Host_1641
01-07-2023,4220,Malasaña,Private room,214,Host_1642
02-07-2023,3922,Retiro,Private room,97,Host_1643
03-07-2023,4323,Salamanca,Private room,117,Host_1644
04-07-2023,4247,Salamanca,Private room,156,Host_1645
05-07-2023,3812,Malasaña,Entire home/apt,127,Host_1646
06-07-2023,4303,Malasaña,Private room,126,Host_1647
07-07-2023,4571,Centro,Entire home/apt,76,Host_1648
08-07-2023,4207,Malasaña,Shared room,137,Host_1649
09-07-2023,3660,Centro,Entire home/apt,204,Host_1650
10-07-2023,4382,Malasaña,Shared room,121,Host_1651
11-07-2023,4461,Salamanca,Entire home/apt,294,Host_1652
12-07-2023,4106,Retiro,Entire home/apt,240,Host_1653
13-07-2023,4109,Malasaña,Entire home/apt,229,Host_1654
14-07-2023,4961,Centro,Private room,96,Host_1655
15-07-2023,4088,Retiro,Entire home/apt,291,Host_1656
16-07-2023,3950,Centro,Private room,152,Host_1657
17-07-2023,4295,Centro,Entire home/apt,70,Host_1658
18-07-2023,4461,Retiro,Entire home/apt,164,Host_1659
19-07-2023,4450,Retiro,Shared room,106,Host_1660
20-07-2023,3551,Retiro,Entire home/apt,154,Host_1661
21-07-2023,4095,Malasaña,Private room,252,Host_1662
22-07-2023,4640,Retiro,Shared room,144,Host_1663
23-07-2023,4394,Malasaña,Shared room,268,Host_1664
24-07-2023,3926,Salamanca,Entire home/apt,219,Host_1665
25-07-2023,4671,Salamanca,Entire home/apt,159,Host_1666
26-07-2023,4590,Centro,Shared room,225,Host_1667
27-07-2023,4213,Centro,Private room,76,Host_1668
28-07-2023,4567,Malasaña,Entire home/apt,177,Host_1669
29-07-2023,4905,Centro,Shared room,249,Host_1670
30-07-2023,3990,Salamanca,Private room,210,Host_1671
31-07-2023,4474,Malasaña,Entire home/apt,125,Host_1672
01-08-2023,4905,Malasaña,Shared room,84,Host_1673
02-08-2023,4507,Retiro,Shared room,147,Host_1674
03-08-2023,4086,Malasaña,Entire home/apt,193,Host_1675
04-08-2023,4386,Centro,Private room,85,Host_1676
05-08-2023,4727,Salamanca,Private room,115,Host_1677
06-08-2023,4013,Centro,Shared room,253,Host_1678
07-08-2023,4311,Salamanca,Private room,268,Host_1679
08-08-2023,4248,Retiro,Shared room,105,Host_1680
09-08-2023,4134,Salamanca,Entire home/apt,194,Host_1681
10-08-2023,4397,Retiro,Private room,197,Host_1682
11-08-2023,4297,Centro,Entire home/apt,262,Host_1683
12-08-2023,4522,Retiro,Shared room,143,Host_1684
13-08-2023,4673,Malasaña,Entire home/apt,155,Host_1685
14-08-2023,3951,Malasaña,Private room,133,Host_1686
15-08-2023,4355,Salamanca,Entire home/apt,185,Host_1687
16-08-2023,4321,Centro,Private room,195,Host_1688
17-08-2023,4399,Centro,Private room,298,Host_1689
18-08-2023,4336,Salamanca,Private room,67,Host_1690
19-08-2023,4048,Malasaña,Private room,195,Host_1691
20-08-2023,4781,Retiro,Private room,174,Host_1692
21-08-2023,4911,Salamanca,Shared room,51,Host_1693
22-08-2023,4513,Retiro,Entire home/apt,125,Host_1694
23-08-2023,4530,Retiro,Shared room,273,Host_1695
24-08-2023,4392,Centro,Entire home/apt,283,Host_1696
25-08-2023,4646,Malasaña,Entire home/apt,249,Host_1697
26-08-2023,3624,Retiro,Entire home/apt,228,Host_1698
27-08-2023,4358,Malasaña,Shared room,187,Host_1699
28-08-2023,4190,Centro,Private room,252,Host_1700
29-08-2023,4408,Salamanca,Private room,191,Host_1701
30-08-2023,4694,Salamanca,Shared room,75,Host_1702
31-08-2023,4374,Centro,Private room,96,Host_1703
01-09-2023,4263,Centro,Entire home/apt,79,Host_1704
02-09-2023,3952,Retiro,Private room,105,Host_1705
03-09-2023,4343,Centro,Private room,168,Host_1706
04-09-2023,4580,Salamanca,Private room,219,Host_1707
05-09-2023,4128,Malasaña,Entire home/apt,181,Host_1708
06-09-2023,3782,Malasaña,Private room,280,Host_1709
07-09-2023,5068,Malasaña,Private room,188,Host_1710
08-09-2023,4489,Malasaña,Private room,201,Host_1711
09-09-2023,4324,Centro,Shared room,295,Host_1712
10-09-2023,4811,Centro,Shared room,263,Host_1713
11-09-2023,4438,Malasaña,Private room,244,Host_1714
12-09-2023,4798,Centro,Shared room,214,Host_1715
13-09-2023,4775,Retiro,Shared room,299,Host_1716
14-09-2023,4021,Centro,Entire home/apt,179,Host_1717
15-09-2023,4544,Retiro,Shared room,189,Host_1718
16-09-2023,4927,Retiro,Shared room,70,Host_1719
17-09-2023,4112,Centro,Private room,246,Host_1720
18-09-2023,4119,Malasaña,Entire home/apt,248,Host_1721
19-09-2023,4172,Retiro,Entire home/apt,241,Host_1722
20-09-2023,4687,Centro,Entire home/apt,117,Host_1723
21-09-2023,4508,Salamanca,Shared room,175,Host_1724
22-09-2023,3845,Malasaña,Private room,92,Host_1725
23-09-2023,4531,Salamanca,Entire home/apt,231,Host_1726
24-09-2023,4356,Retiro,Entire home/apt,282,Host_1727
25-09-2023,4401,Salamanca,Shared room,149,Host_1728
26-09-2023,4186,Centro,Entire home/apt,172,Host_1729
27-09-2023,4545,Malasaña,Private room,239,Host_1730
28-09-2023,4759,Retiro,Entire home/apt,263,Host_1731
29-09-2023,4254,Centro,Private room,142,Host_1732
30-09-2023,3945,Malasaña,Private room,250,Host_1733
01-10-2023,4362,Retiro,Private room,267,Host_1734
02-10-2023,4683,Retiro,Shared room,189,Host_1735
03-10-2023,4332,Retiro,Shared room,289,Host_1736
04-10-2023,4013,Retiro,Private room,178,Host_1737
05-10-2023,4694,Salamanca,Private room,249,Host_1738
06-10-2023,4893,Salamanca,Entire home/apt,210,Host_1739
07-10-2023,4477,Salamanca,Entire home/apt,241,Host_1740
08-10-2023,3993,Retiro,Entire home/apt,165,Host_1741
09-10-2023,4383,Salamanca,Shared room,164,Host_1742
10-10-2023,4527,Malasaña,Entire home/apt,245,Host_1743
11-10-2023,4242,Retiro,Private room,191,Host_1744
12-10-2023,4663,Malasaña,Private room,168,Host_1745
13-10-2023,4219,Malasaña,Shared room,142,Host_1746
14-10-2023,4502,Salamanca,Shared room,191,Host_1747
15-10-2023,4429,Retiro,Entire home/apt,58,Host_1748
16-10-2023,4686,Salamanca,Shared room,122,Host_1749
17-10-2023,4501,Salamanca,Private room,75,Host_1750
18-10-2023,4449,Salamanca,Private room,226,Host_1751
19-10-2023,4271,Retiro,Shared room,288,Host_1752
20-10-2023,4526,Retiro,Private room,155,Host_1753
21-10-2023,4441,Salamanca,Shared room,194,Host_1754
22-10-2023,4261,Malasaña,Private room,282,Host_1755
23-10-2023,4574,Malasaña,Entire home/apt,117,Host_1756
24-10-2023,4639,Retiro,Shared room,237,Host_1757
25-10-2023,4432,Centro,Shared room,159,Host_1758
26-10-2023,4816,Salamanca,Shared room,180,Host_1759
27-10-2023,4620,Salamanca,Private room,270,Host_1760
28-10-2023,4159,Centro,Entire home/apt,74,Host_1761
29-10-2023,4949,Retiro,Shared room,70,Host_1762
30-10-2023,4782,Malasaña,Private room,189,Host_1763
31-10-2023,4856,Retiro,Shared room,103,Host_1764
01-11-2023,4679,Malasaña,Private room,50,Host_1765
02-11-2023,3862,Malasaña,Entire home/apt,177,Host_1766
03-11-2023,4895,Retiro,Private room,50,Host_1767
04-11-2023,4589,Salamanca,Private room,222,Host_1768
05-11-2023,4681,Salamanca,Shared room,223,Host_1769
06-11-2023,4741,Salamanca,Private room,225,Host_1770
07-11-2023,5163,Malasaña,Shared room,184,Host_1771
08-11-2023,4423,Salamanca,Private room,59,Host_1772
09-11-2023,4434,Malasaña,Entire home/apt,192,Host_1773
10-11-2023,4339,Salamanca,Private room,89,Host_1774
11-11-2023,4278,Retiro,Shared room,188,Host_1775
12-11-2023,4287,Centro,Private room,233,Host_1776
13-11-2023,4051,Malasaña,Private room,223,Host_1777
14-11-2023,4739,Retiro,Entire home/apt,94,Host_1778
15-11-2023,5211,Malasaña,Shared room,136,Host_1779
16-11-2023,5235,Malasaña,Entire home/apt,190,Host_1780
17-11-2023,4367,Retiro,Private room,76,Host_1781
18-11-2023,4546,Salamanca,Entire home/apt,282,Host_1782
19-11-2023,5002,Malasaña,Private room,258,Host_1783
20-11-2023,4766,Centro,Private room,99,Host_1784
21-11-2023,4680,Centro,Entire home/apt,110,Host_1785
22-11-2023,4567,Retiro,Entire home/apt,292,Host_1786
23-11-2023,5002,Centro,Private room,62,Host_1787
24-11-2023,4331,Retiro,Entire home/apt,189,Host_1788
25-11-2023,4802,Retiro,Entire home/apt,206,Host_1789
26-11-2023,4765,Malasaña,Private room,134,Host_1790
27-11-2023,4679,Retiro,Shared room,133,Host_1791
28-11-2023,4907,Retiro,Entire home/apt,69,Host_1792
29-11-2023,4685,Salamanca,Entire home/apt,80,Host_1793
30-11-2023,4519,Malasaña,Shared room,57,Host_1794
01-12-2023,4712,Centro,Entire home/apt,73,Host_1795
02-12-2023,4211,Salamanca,Private room,252,Host_1796
03-12-2023,4877,Salamanca,Entire home/apt,216,Host_1797
04-12-2023,4958,Malasaña,Private room,82,Host_1798
05-12-2023,4505,Malasaña,Shared room,91,Host_1799
06-12-2023,4438,Salamanca,Shared room,192,Host_1800
07-12-2023,4525,Malasaña,Shared room,245,Host_1801
08-12-2023,4697,Malasaña,Entire home/apt,242,Host_1802
09-12-2023,4785,Retiro,Shared room,209,Host_1803
10-12-2023,5210,Malasaña,Entire home/apt,188,Host_1804
11-12-2023,5177,Retiro,Entire home/apt,143,Host_1805
12-12-2023,4984,Salamanca,Entire home/apt,86,Host_1806
13-12-2023,4776,Salamanca,Shared room,196,Host_1807
14-12-2023,4466,Centro,Shared room,228,Host_1808
15-12-2023,5253,Malasaña,Entire home/apt,277,Host_1809
16-12-2023,4679,Salamanca,Shared room,83,Host_1810
17-12-2023,4843,Retiro,Entire home/apt,248,Host_1811
18-12-2023,4952,Salamanca,Shared room,237,Host_1812
19-12-2023,4787,Malasaña,Private room,286,Host_1813
20-12-2023,5118,Centro,Shared room,261,Host_1814
21-12-2023,4915,Centro,Shared room,102,Host_1815
22-12-2023,5080,Salamanca,Shared room,189,Host_1816
23-12-2023,4922,Centro,Entire home/apt,239,Host_1817
24-12-2023,4781,Malasaña,Entire home/apt,145,Host_1818
25-12-2023,4820,Malasaña,Private room,243,Host_1819
26-12-2023,4784,Centro,Private room,263,Host_1820
27-12-2023,4423,Retiro,Private room,154,Host_1821
28-12-2023,4513,Centro,Entire home/apt,97,Host_1822
29-12-2023,5040,Centro,Private room,89,Host_1823
30-12-2023,4445,Salamanca,Private room,201,Host_1824
31-12-2023,4707,Retiro,Shared room,227,Host_1825
