﻿Número;Gis_X;Gis_Y;Fecha de Alta;Distrito;Barrio;Calle;Nº Finca;Tipo de Reserva;Número de Plazas;Longitud;Latitud;Direccion,,,,,,,,,
001 a;440443,61;4474290,65;43803;01  CENTRO;01-06 SOL;ALCALA, CALLE, DE;2;BiciMAD;30;-3.701998;40.4171107;ALCALA, CALLE, DE,2,,
001 b;440480,56;4474301,74;43867;01  CENTRO;01-06 SOL;ALCALA, CALLE, DE;6;BiciMAD;30;-3.7015636;40.4172132;ALCALA, CALLE, DE,6,,
2;440134,83;4474678,23;41813;01  CENTRO;01-05 UNIVERSIDAD;MIGUEL MOYA, CALLE, DE;1;BiciMAD;24;-3.7056739;40.42058;MIGUEL MOYA, CALLE, DE,1,,
3;440012,98;4475760,68;41813;07  CHAMBERÍ;07-02 ARAPILES;CONDE DEL VALLE DE SUCHIL, PLAZA, DEL;2;BiciMAD;18;-3.7072122;40.4303224;CONDE DEL VALLE DE SUCHIL, PLAZA, DEL,2,,
4;440396,4;4475565,36;41813;01  CENTRO;01-05 UNIVERSIDAD;MANUELA MALASAÑA, CALLE, DE;3;BiciMAD;24;-3.7026739;40.4285905;MANUELA MALASAÑA, CALLE, DE,3,,
5;440447,06;4475539,6;41813;01  CENTRO;01-04 JUSTICIA;FUENCARRAL, CALLE, DE;106;BiciMAD;27;-3.7020743;40.428362;FUENCARRAL, CALLE, DE,106,,
6;440754,26;4475071,08;41813;01  CENTRO;01-04 JUSTICIA;HORTALEZA, CALLE, DE;63;BiciMAD;24;-3.6984093;40.4241633;HORTALEZA, CALLE, DE,63,,
7;440811,97;4475187,49;41813;01  CENTRO;01-04 JUSTICIA;HORTALEZA, CALLE, DE;75;BiciMAD;21;-3.6977399;40.4252161;HORTALEZA, CALLE, DE,75,,
8;441020,56;4475463,16;41813;07  CHAMBERÍ;07-04 ALMAGRO;ALONSO MARTINEZ, PLAZA, DE;6;BiciMAD;24;-3.6953067;40.4277143;ALONSO MARTINEZ, PLAZA, DE,6,,
9;439813,51;4474129,47;41813;01  CENTRO;01-01 PALACIO;SAN MIGUEL, PLAZA, DE;9;BiciMAD;24;-3.7094093;40.4156134;SAN MIGUEL, PLAZA, DE,9,,
10;441292,12;4475204,43;41813;01  CENTRO;01-04 JUSTICIA;MARQUES DE LA ENSENADA, CALLE, DEL;16;BiciMAD;24;-3.6920816;40.4254027;MARQUES DE LA ENSENADA, CALLE, DEL,16,,
11;440314,86;4475395,19;41813;01  CENTRO;01-05 UNIVERSIDAD;SAN ANDRES, CALLE, DE;20;BiciMAD;24;-3.7036192;40.4270517;SAN ANDRES, CALLE, DE,20,,
12;440095,53;4475560,73;41813;01  CENTRO;01-05 UNIVERSIDAD;SAN BERNARDO, CALLE, DE;87;BiciMAD;24;-3.7062202;40.4285271;SAN BERNARDO, CALLE, DE,87,,
13;439733,78;4475434,65;41813;01  CENTRO;01-05 UNIVERSIDAD;CONDE DUQUE, CALLE, DEL;22;BiciMAD;24;-3.7104727;40.4273652;CONDE DUQUE, CALLE, DEL,22,,
14;439486,2;4475284,13;44045;09  MONCLOA-ARAVACA;09-02 ARGÜELLES;VENTURA RODRIGUEZ, CALLE, DE;1;BiciMAD;24;-3.7133768;40.4259913;VENTURA RODRIGUEZ, CALLE, DE,1,,
15;439996,77;4475313,59;43881;01  CENTRO;01-05 UNIVERSIDAD;NORTE, CALLE, DEL;10;BiciMAD;21;-3.7073611;40.4262937;NORTE, CALLE, DEL,10,,
16;439982,39;4474941,66;41813;01  CENTRO;01-05 UNIVERSIDAD;SAN BERNARDO, CALLE, DE;22;BiciMAD;21;-3.7074955;40.4229421;SAN BERNARDO, CALLE, DE,22,,
17;440263,35;4474964,43;41813;01  CENTRO;01-05 UNIVERSIDAD;CARLOS CAMBRONERO, PLAZA, DE;2;BiciMAD;24;-3.7041859;40.4231675;CARLOS CAMBRONERO, PLAZA, DE,2,,
18;440653,13;4474711,92;41813;01  CENTRO;01-04 JUSTICIA;PEDRO ZEROLO, PLAZA, DE;1;BiciMAD;24;-3.6995679;40.4209206;PEDRO ZEROLO, PLAZA, DE,1,,
19;441007,98;4474817,8;41813;01  CENTRO;01-04 JUSTICIA;PRIM, CALLE, DE;4;BiciMAD;24;-3.6953951;40.4218997;PRIM, CALLE, DE,4,,
20;441021,37;4474517,89;41813;01  CENTRO;01-04 JUSTICIA;ALCALA, CALLE, DE;49;BiciMAD;24;-3.6952095;40.4191989;ALCALA, CALLE, DE,49,,
020 ampliacion;441014,52;4474516,49;43291;01  CENTRO;01-04 JUSTICIA;ALCALA, CALLE, DE;49;BiciMAD;6;-3.6952901;40.4191858;ALCALA, CALLE, DE,49,,
22;440064,4;4474630,53;41813;01  CENTRO;01-06 SOL;JACOMETREZO, CALLE, DE;1;BiciMAD;24;-3.7064995;40.4201452;JACOMETREZO, CALLE, DE,1,,
23;439912,56;4474639,35;41813;01  CENTRO;01-01 PALACIO;SANTO DOMINGO, PLAZA, DE;S/N;BiciMAD;24;-3.7082901;40.4202137;SANTO DOMINGO, PLAZA, DE, S/N,,
24;439715,67;4474384,75;41813;01  CENTRO;01-01 PALACIO;CARLOS III, CALLE, DE;1;BiciMAD;24;-3.7105866;40.417906;CARLOS III, CALLE, DE,1,,
025 a;440104,48;4474318,99;41813;01  CENTRO;01-06 SOL;CELENQUE, PLAZA, DEL;1;BiciMAD;24;-3.7059978;40.4173416;CELENQUE, PLAZA, DEL,1,,
025 b;440102,16;4474309,87;41813;01  CENTRO;01-06 SOL;CELENQUE, PLAZA, DEL;1;BiciMAD;24;-3.7060243;40.4172593;CELENQUE, PLAZA, DEL,1,,
26;441082,03;4475031,58;41813;01  CENTRO;01-04 JUSTICIA;SALESAS, PLAZA, DE LAS;8;BiciMAD;24;-3.6945421;40.4238308;SALESAS, PLAZA, DE LAS,8,,
27;440984,74;4473861,49;41813;01  CENTRO;01-03 CORTES;JESUS, CALLE, DE;frente 6;BiciMAD;27;-3.6955803;40.4132831;JESUS, CALLE, DE, frente 6,,
28;440752,57;4474394,64;43955;01  CENTRO;01-03 CORTES;ALCALA, CALLE, DE;26;BiciMAD;24;-3.6983662;40.4180695;ALCALA, CALLE, DE,26,,
29;440968,62;4474190,29;41813;01  CENTRO;01-03 CORTES;MARQUES DE CUBAS, CALLE, DEL;25;BiciMAD;24;-3.6958008;40.416244;MARQUES DE CUBAS, CALLE, DEL,25,,
30;439635,83;4474544,08;41813;01  CENTRO;01-01 PALACIO;PAVIA, CALLE, DE;6;BiciMAD;27;-3.7115428;40.4193355;PAVIA, CALLE, DE,6,,
31;440050,38;4474208,74;41813;01  CENTRO;01-06 SOL;MAYOR, CALLE;18;BiciMAD;27;-3.706625;40.4163446;MAYOR, CALLE,18,,,,
32;440090,59;4474042,64;41813;01  CENTRO;01-06 SOL;PROVINCIA, PLAZA, DE LA;1;BiciMAD;18;-3.7061355;40.4148511;PROVINCIA, PLAZA, DE LA,1,,
33;440340,26;4474220,99;43515;01  CENTRO;01-06 SOL;CARRETAS, CALLE, DE LAS;3;BiciMAD;21;-3.7032096;40.4164757;CARRETAS, CALLE, DE LAS,3,,
34;440313,43;4473992,08;41813;01  CENTRO;01-03 CORTES;JACINTO BENAVENTE, PLAZA, DE;S/N;BiciMAD;24;-3.7035044;40.4144117;JACINTO BENAVENTE, PLAZA, DE, S/N,,
35;439730,93;4473970,93;41813;01  CENTRO;01-01 PALACIO;CORDON, PLAZA, DEL;1;BiciMAD;24;-3.7103676;40.4141792;CORDON, PLAZA, DEL,1,,
36;439614,82;4474265,33;41813;01  CENTRO;01-01 PALACIO;RAMALES, PLAZA, DE;5;BiciMAD;24;-3.711764;40.4168229;RAMALES, PLAZA, DE,5,,
37;439409,3;4473605,14;41813;01  CENTRO;01-01 PALACIO;SAN FRANCISCO, PLAZA, DE;5;BiciMAD;24;-3.7141234;40.4108606;SAN FRANCISCO, PLAZA, DE,5,,
38;439637;4473651,64;41813;01  CENTRO;01-01 PALACIO;SAN FRANCISCO, CARRERA, DE;1;BiciMAD;24;-3.7114443;40.4112961;SAN FRANCISCO, CARRERA, DE,1,,,
39;439844;4473646,66;41813;01  CENTRO;01-01 PALACIO;CEBADA, PLAZA, DE LA;16;BiciMAD;27;-3.7090043;40.4112662;CEBADA, PLAZA, DE LA,16,,,
40;440207,51;4473923,52;41813;01  CENTRO;01-02 EMBAJADORES;CONDE DE ROMANONES, CALLE, DEL;2;BiciMAD;24;-3.7047463;40.4137865;CONDE DE ROMANONES, CALLE, DEL,2,,
41;440694,54;4473746,65;43480;01  CENTRO;01-02 EMBAJADORES;ATOCHA, CALLE, DE;56;BiciMAD;18;-3.6989898;40.412228;ATOCHA, CALLE, DE,56,,
42;440757,78;4473584,46;41813;01  CENTRO;01-02 EMBAJADORES;SANTA ISABEL, CALLE, DE;32;BiciMAD;24;-3.6982294;40.4107714;SANTA ISABEL, CALLE, DE,32,,
43;440391,04;4473511,6;41813;01  CENTRO;01-02 EMBAJADORES;LAVAPIES, CALLE, DE;36;BiciMAD;24;-3.7025446;40.4100889;LAVAPIES, CALLE, DE,36,,
44;440274,63;4473482,26;41813;01  CENTRO;01-02 EMBAJADORES;MESON DE PAREDES, CALLE, DEL;35;BiciMAD;21;-3.7039138;40.4098162;MESON DE PAREDES, CALLE, DEL,35,,
45;439659,1;4473168,86;41813;01  CENTRO;01-02 EMBAJADORES;PUERTA DE TOLEDO, GLORIETA, DE LA;1;BiciMAD;21;-3.7111381;40.4069486;PUERTA DE TOLEDO, GLORIETA, DE LA,1,,
46;439998,9;4472999,74;41813;02  ARGANZUELA;02-02 ACACIAS;RIBERA DE CURTIDORES, CALLE, DE LA;28;BiciMAD;24;-3.7071178;40.4054496;RIBERA DE CURTIDORES, CALLE, DE LA,28,,
47;440368,37;4472905,07;41813;02  ARGANZUELA;02-02 ACACIAS;EMBAJADORES, GLORIETA, DE;7 B;BiciMAD;24;-3.702755;40.4046233;EMBAJADORES, GLORIETA, DE, 7 B,,
48;440424,7;4472996,09;41813;01  CENTRO;01-02 EMBAJADORES;EMBAJADORES, GLORIETA, DE;2;BiciMAD;24;-3.7020997;40.4054473;EMBAJADORES, GLORIETA, DE,2,,
49;440667,66;4473061,04;41813;01  CENTRO;01-02 EMBAJADORES;ATOCHA, RONDA, DE;36;BiciMAD;24;-3.6992427;40.4060497;ATOCHA, RONDA, DE,36,,
50;441180,67;4473307,92;41813;01  CENTRO;01-02 EMBAJADORES;SANTA ISABEL, CALLE, DE;57;BiciMAD;24;-3.69322;40.4083102;SANTA ISABEL, CALLE, DE,57,,
51;441148,47;4473243,04;41813;01  CENTRO;01-02 EMBAJADORES;EMPERADOR CARLOS V, PLAZA, DEL;7;BiciMAD;27;-3.6935934;40.4077234;EMPERADOR CARLOS V, PLAZA, DEL,7,,
52;440544,34;4474002,06;41813;01  CENTRO;01-03 CORTES;SANTA ANA, PLAZA, DE;9;BiciMAD;24;-3.7007838;40.4145181;SANTA ANA, PLAZA, DE,9,,
53;440543,46;4473309,62;41813;01  CENTRO;01-02 EMBAJADORES;VALENCIA, CALLE, DE;frente 2;BiciMAD;24;-3.7007295;40.4082802;VALENCIA, CALLE, DE, frente 2,,
54;440592,35;4475345,44;41813;01  CENTRO;01-04 JUSTICIA;BARCELO, CALLE, DE;7;BiciMAD;21;-3.7003435;40.4266233;BARCELO, CALLE, DE,7,,
55;440455,56;4475063,26;41813;01  CENTRO;01-05 UNIVERSIDAD;SAN ILDEFONSO, PLAZA, DE;8;BiciMAD;24;-3.7019295;40.4240716;SAN ILDEFONSO, PLAZA, DE,8,,
56;440335,43;4474443,96;41813;01  CENTRO;01-06 SOL;CARMEN, PLAZA, DEL;1;BiciMAD;24;-3.7032875;40.418484;CARMEN, PLAZA, DEL,1,,
57;439536,86;4475688,34;41813;01  CENTRO;01-05 UNIVERSIDAD;SANTA CRUZ DE MARCENADO, CALLE, DE;24;BiciMAD;24;-3.7128181;40.4296363;SANTA CRUZ DE MARCENADO, CALLE, DE,24,,
58;440791,91;4474859,51;41813;01  CENTRO;01-04 JUSTICIA;AUGUSTO FIGUEROA, CALLE, DE;33;BiciMAD;24;-3.6979458;40.4222601;AUGUSTO FIGUEROA, CALLE, DE,33,,
59;440271,27;4475221,1;41813;01  CENTRO;01-05 UNIVERSIDAD;ESPIRITU SANTO, CALLE, DEL;30;BiciMAD;21;-3.7041167;40.4254802;ESPIRITU SANTO, CALLE, DEL,30,,
60;441616,3;4474541,2;41813;03  RETIRO;03-05 JERÓNIMOS;INDEPENDENCIA, PLAZA, DE LA;7;BiciMAD;24;-3.6881994;40.4194508;INDEPENDENCIA, PLAZA, DE LA,7,,
61;442720,29;4474753,26;41813;03  RETIRO;03-04 IBIZA;O'DONNELL, CALLE, DE;30;BiciMAD;24;-3.675206;40.4214379;O'DONNELL, CALLE, DE,30,,
62;442956,32;4474735,99;41813;03  RETIRO;03-04 IBIZA;O'DONNELL, CALLE, DE;48;BiciMAD;24;-3.6724223;40.4212986;O'DONNELL, CALLE, DE,48,,
63;443103,74;4474356,79;41813;03  RETIRO;03-04 IBIZA;IBIZA, CALLE, DE;64;BiciMAD;24;-3.6706508;40.4178926;IBIZA, CALLE, DE,64,,
65;441513,53;4474235,07;41813;03  RETIRO;03-05 JERÓNIMOS;ANTONIO MAURA, CALLE, DE;15;BiciMAD;24;-3.6893825;40.4166859;ANTONIO MAURA, CALLE, DE,15,,
67;441190,08;4473587,45;41813;01  CENTRO;01-03 CORTES;ALMADEN, CALLE, DE;28;BiciMAD;24;-3.6931349;40.410829;ALMADEN, CALLE, DE,28,,
68;441358,92;4473802,81;41813;03  RETIRO;03-05 JERÓNIMOS;ESPALTER, CALLE, DE;1;BiciMAD;21;-3.6911649;40.412781;ESPALTER, CALLE, DE,1,,
69;441551,54;4473499,36;41813;03  RETIRO;03-05 JERÓNIMOS;ALFONSO XII, CALLE, DE;54;BiciMAD;27;-3.6888669;40.4100609;ALFONSO XII, CALLE, DE,54,,
70;442494,99;4474064,79;41813;03  RETIRO;03-05 JERÓNIMOS;MENENDEZ PELAYO, AVENIDA, DE;frente 63;BiciMAD;24;-3.6777994;40.4152203;MENENDEZ PELAYO, AVENIDA, DE, frente 63,,
71;442816,22;4474149,49;41813;03  RETIRO;03-06 NIÑO JESÚS;DOCE DE OCTUBRE, CALLE, DEL;28;BiciMAD;24;-3.674021;40.4160054;DOCE DE OCTUBRE, CALLE, DEL,28,,
72;443189,11;4474115,08;41813;03  RETIRO;03-06 NIÑO JESÚS;DOCTOR ESQUERDO, CALLE, DEL;62;BiciMAD;24;-3.669623;40.415721;DOCTOR ESQUERDO, CALLE, DEL,62,,
73;443229,99;4473642,11;41813;03  RETIRO;03-03 ESTRELLA;ASTROS, PLAZA, DE LOS;S/N;BiciMAD;24;-3.669099;40.411463;ASTROS, PLAZA, DE LOS, S/N,,
74;442595,78;4473679,92;41813;03  RETIRO;03-05 JERÓNIMOS;MENENDEZ PELAYO, AVENIDA, DE;S/N;BiciMAD;24;-3.6765768;40.4117601;MENENDEZ PELAYO, AVENIDA, DE, S/N,,
75;442436,91;4473301,34;41813;03  RETIRO;03-05 JERÓNIMOS;MENENDEZ PELAYO, AVENIDA, DE;S/N;BiciMAD;24;-3.6784149;40.4083387;MENENDEZ PELAYO, AVENIDA, DE, S/N,,
76;442712,67;4473182,27;41813;03  RETIRO;03-06 NIÑO JESÚS;MEDITERRANEO, AVENIDA, DEL;19;BiciMAD;24;-3.6751544;40.4072851;MEDITERRANEO, AVENIDA, DEL,19,,
77;443083,53;4473073,95;41813;03  RETIRO;03-01 PACÍFICO;CONDE DE CASAL, PLAZA, DEL;8;BiciMAD;22;-3.6707742;40.4063347;CONDE DE CASAL, PLAZA, DEL,8,,
78;442755,86;4472436,57;41813;03  RETIRO;03-02 ADELFAS;CERRO DE LA PLATA, CALLE, DEL;2;BiciMAD;24;-3.6745783;40.4005704;CERRO DE LA PLATA, CALLE, DEL,2,,
79;442252,73;4472937,49;41813;03  RETIRO;03-01 PACÍFICO;MENENDEZ PELAYO, AVENIDA, DE;38;BiciMAD;24;-3.6805524;40.4050482;MENENDEZ PELAYO, AVENIDA, DE,38,,
080 a;441412,24;4473206,43;41813;02  ARGANZUELA;02-07 ATOCHA;CIUDAD DE BARCELONA, AVENIDA, DE LA;S/N;BiciMAD;24;-3.6904816;40.4074122;CIUDAD DE BARCELONA, AVENIDA, DE LA, S/N,,
080 b;441391,88;4473230,32;41813;02  ARGANZUELA;02-07 ATOCHA;CIUDAD DE BARCELONA, AVENIDA, DE LA;S/N;BiciMAD;27;-3.6907238;40.407626;CIUDAD DE BARCELONA, AVENIDA, DE LA, S/N,,
81;441288,14;4473447,57;41813;03  RETIRO;03-05 JERÓNIMOS;CLAUDIO MOYANO, CALLE, DE;S/N;BiciMAD;24;-3.6919663;40.4095758;CLAUDIO MOYANO, CALLE, DE, S/N,,
82;443177,93;4473311,29;41813;03  RETIRO;03-03 ESTRELLA;LIRA, CALLE, DE LA;frente 2;BiciMAD;24;-3.669683;40.4084793;LIRA, CALLE, DE LA, frente 2,,
83;442770,38;4473844,96;41813;03  RETIRO;03-06 NIÑO JESÚS;PIO BAROJA, CALLE, DE;8 B;BiciMAD;24;-3.6745339;40.4132589;PIO BAROJA, CALLE, DE, 8 B,,
84;442918,27;4472746,05;41813;03  RETIRO;03-02 ADELFAS;DOCTOR ESQUERDO, CALLE, DEL;191;BiciMAD;24;-3.6726923;40.4033695;DOCTOR ESQUERDO, CALLE, DEL,191,,
85;442319,29;4474723,43;41813;03  RETIRO;03-05 JERÓNIMOS;MENENDEZ PELAYO, AVENIDA, DE;frente 9;BiciMAD;27;-3.6799299;40.4211415;MENENDEZ PELAYO, AVENIDA, DE, frente 9,,
86;441180,29;4474447,71;41904;01  CENTRO;01-03 CORTES;PRADO, PASEO, DEL;S/N;BiciMAD;21;-3.6933298;40.4185779;PRADO, PASEO, DEL, S/N,,
87;442016,68;4475450,66;41813;04  SALAMANCA;04-01 RECOLETOS;AYALA, CALLE, DE;44;BiciMAD;24;-3.6835631;40.4276717;AYALA, CALLE, DE,44,,
88;442004,11;4475843,28;41813;04  SALAMANCA;04-06 CASTELLANA;VELAZQUEZ, CALLE, DE;73;BiciMAD;24;-3.6837471;40.4312077;VELAZQUEZ, CALLE, DE,73,,
89;442728,15;4475399,8;41813;04  SALAMANCA;04-02 GOYA;AYALA, CALLE, DE;102;BiciMAD;24;-3.6751716;40.4272628;AYALA, CALLE, DE,102,,
90;442000,33;4475163,96;41813;04  SALAMANCA;04-01 RECOLETOS;GOYA, CALLE, DE;18;BiciMAD;24;-3.6837297;40.4250878;GOYA, CALLE, DE,18,,
090 ampliacion;442014,61;4475162,88;43115;04  SALAMANCA;04-01 RECOLETOS;GOYA, CALLE, DE;20;BiciMAD;6;-3.6835613;40.4250791;GOYA, CALLE, DE,20,,
91;442417,66;4475274,35;41813;04  SALAMANCA;04-02 GOYA;HERMOSILLA, CALLE, DE;73;BiciMAD;24;-3.6788203;40.4261113;HERMOSILLA, CALLE, DE,73,,
92;441767,83;4475291,85;41813;04  SALAMANCA;04-01 RECOLETOS;CLAUDIO COELLO, CALLE, DE;45;BiciMAD;24;-3.6864821;40.4262237;CLAUDIO COELLO, CALLE, DE,45,,
93;441518,8;4475235,48;41813;04  SALAMANCA;04-01 RECOLETOS;GOYA, CALLE, DE;3;BiciMAD;24;-3.6894124;40.4256984;GOYA, CALLE, DE,3,,
94;441407,18;4474977,73;41813;04  SALAMANCA;04-01 RECOLETOS;RECOLETOS, PASEO, DE;22;BiciMAD;21;-3.6907044;40.4233686;RECOLETOS, PASEO, DE,22,,
95;441721,55;4474897;41813;04  SALAMANCA;04-01 RECOLETOS;CLAUDIO COELLO, CALLE, DE;19;BiciMAD;24;-3.6869914;40.4226634;CLAUDIO COELLO, CALLE, DE,19,,,
96;442140,46;4474825,84;41813;04  SALAMANCA;04-01 RECOLETOS;ALCALA, CALLE, DE;111;BiciMAD;27;-3.6820471;40.4220516;ALCALA, CALLE, DE,111,,
97;442301,64;4474872,66;41813;04  SALAMANCA;04-02 GOYA;MENENDEZ PELAYO, AVENIDA, DE;1;BiciMAD;27;-3.6801515;40.4224846;MENENDEZ PELAYO, AVENIDA, DE,1,,
98;442705,5;4475058,99;41813;04  SALAMANCA;04-02 GOYA;FELIPE II, AVENIDA, DE;5;BiciMAD;24;-3.6754079;40.4241911;FELIPE II, AVENIDA, DE,5,,
99;442829,62;4475270,48;41813;04  SALAMANCA;04-02 GOYA;ALCANTARA, CALLE, DE;2;BiciMAD;24;-3.6739638;40.4261048;ALCANTARA, CALLE, DE,2,,
100;442835,81;4475123,85;41813;04  SALAMANCA;04-02 GOYA;GOYA, CALLE, DE;99;BiciMAD;24;-3.6738777;40.4247843;GOYA, CALLE, DE,99,,
101;443212,16;4474936,49;41813;04  SALAMANCA;04-02 GOYA;JORGE JUAN, CALLE, DE;131;BiciMAD;24;-3.6694246;40.4231223;JORGE JUAN, CALLE, DE,131,,
102;441967,18;4474727,67;41813;04  SALAMANCA;04-01 RECOLETOS;ALCALA, CALLE, DE;95;BiciMAD;24;-3.6840806;40.4211552;ALCALA, CALLE, DE,95,,
103;441766,91;4475752,49;41813;04  SALAMANCA;04-06 CASTELLANA;JOSE ORTEGA Y GASSET, CALLE, DE;4;BiciMAD;24;-3.6865351;40.4303733;JOSE ORTEGA Y GASSET, CALLE, DE,4,,
104;441505,58;4475354,07;41813;04  SALAMANCA;04-01 RECOLETOS;CASTELLANA, PASEO, DE LA;4;BiciMAD;21;-3.6895792;40.4267658;CASTELLANA, PASEO, DE LA,4,,
105;441684,37;4475386,27;41813;04  SALAMANCA;04-01 RECOLETOS;SERRANO, CALLE, DE;46;BiciMAD;24;-3.6874745;40.4270684;SERRANO, CALLE, DE,46,,
106 a;441647,49;4475141,87;41782;04  SALAMANCA;04-01 RECOLETOS;SERRANO, CALLE, DE;32;BiciMAD;18;-3.6878868;40.4248642;SERRANO, CALLE, DE,32,,
106 b;441649,86;4475157,87;41813;04  SALAMANCA;04-01 RECOLETOS;SERRANO, CALLE, DE;34;BiciMAD;18;-3.6878604;40.4250085;SERRANO, CALLE, DE,34,,
107;441599,07;4474779,37;41813;04  SALAMANCA;04-01 RECOLETOS;SERRANO, CALLE, DE;8;BiciMAD;24;-3.6884243;40.4215952;SERRANO, CALLE, DE,8,,
108;443111,6;4475416,83;41813;04  SALAMANCA;04-02 GOYA;MARTIRES CONCEPCIONISTAS, CALLE, DE LAS;2;BiciMAD;27;-3.670653;40.4274425;MARTIRES CONCEPCIONISTAS, CALLE, DE LAS,2,,
109;442191,64;4475721,98;41813;04  SALAMANCA;04-06 CASTELLANA;JOSE ORTEGA Y GASSET, CALLE, DE;32;BiciMAD;24;-3.6815253;40.4301281;JOSE ORTEGA Y GASSET, CALLE, DE,32,,
110;438921,15;4476262,7;41813;09  MONCLOA-ARAVACA;09-01 CASA DE CAMPO;MORET, PASEO, DE;S/N;BiciMAD;24;-3.7201316;40.4347654;MORET, PASEO, DE, S/N,,
111 a;439144,16;4476128,65;41813;07  CHAMBERÍ;07-01 GAZTAMBIDE;ARCIPRESTE DE HITA, CALLE, DEL;8;BiciMAD;24;-3.7174896;40.4335742;ARCIPRESTE DE HITA, CALLE, DEL,8,,
111 b;439120,04;4476174,12;41813;07  CHAMBERÍ;07-01 GAZTAMBIDE;ARCIPRESTE DE HITA, CALLE, DEL;12;BiciMAD;24;-3.7177783;40.433982;ARCIPRESTE DE HITA, CALLE, DEL,12,,
112;438517,07;4476028,6;41813;09  MONCLOA-ARAVACA;09-02 ARGÜELLES;MORET, PASEO, DE;11;BiciMAD;24;-3.7248727;40.4326267;MORET, PASEO, DE,11,,
113;438865,35;4475484,09;41813;09  MONCLOA-ARAVACA;09-01 CASA DE CAMPO;PINTOR ROSALES, PASEO, DEL;frente 38;BiciMAD;24;-3.7207145;40.4277472;PINTOR ROSALES, PASEO, DEL, frente 38,,
114;439145,29;4475490,01;41813;09  MONCLOA-ARAVACA;09-02 ARGÜELLES;QUINTANA, CALLE, DE;13;BiciMAD;24;-3.7174151;40.4278211;QUINTANA, CALLE, DE,13,,
115;439181,48;4475218,76;41813;09  MONCLOA-ARAVACA;09-02 ARGÜELLES;MARQUES DE CERRALBO, PLAZA, DEL;S/N;BiciMAD;24;-3.7169626;40.4253802;MARQUES DE CERRALBO, PLAZA, DEL, S/N,,
116 a;439621,73;4475069;41813;09  MONCLOA-ARAVACA;09-02 ARGÜELLES;ESPAÑA, PLAZA, DE;S/N;BiciMAD;24;-3.7117588;40.4240632;ESPAÑA, PLAZA, DE, S/N,,,
116 b;439614,47;4475083,02;41813;09  MONCLOA-ARAVACA;09-02 ARGÜELLES;ESPAÑA, PLAZA, DE;S/N;BiciMAD;24;-3.7118457;40.4241889;ESPAÑA, PLAZA, DE, S/N,,
117;439020,83;4475833,31;41816;09  MONCLOA-ARAVACA;09-02 ARGÜELLES;ALTAMIRANO, CALLE, DE;24;BiciMAD;24;-3.7189152;40.4309046;ALTAMIRANO, CALLE, DE,24,,
118;441605,64;4472470,47;41813;02  ARGANZUELA;02-06 PALOS DE MOGUER;JUAN MARTIN EL EMPECINADO, CALLE, DE;16;BiciMAD;24;-3.688135;40.4007959;JUAN MARTIN EL EMPECINADO, CALLE, DE,16,,
119;441738,36;4472542,79;41813;02  ARGANZUELA;02-07 ATOCHA;MENDEZ ALVARO, CALLE, DE;7;BiciMAD;24;-3.6865777;40.4014567;MENDEZ ALVARO, CALLE, DE,7,,
120;441043,78;4472723,55;41813;02  ARGANZUELA;02-06 PALOS DE MOGUER;PALOS DE LA FRONTERA, CALLE, DE;frente 27;BiciMAD;24;-3.6947791;40.4030362;PALOS DE LA FRONTERA, CALLE, DE, frente 27,,
121;440718,1;4472592,85;41813;02  ARGANZUELA;02-06 PALOS DE MOGUER;SANTA MARIA DE LA CABEZA, PASEO, DE;58;BiciMAD;24;-3.6986046;40.4018356;SANTA MARIA DE LA CABEZA, PASEO, DE,58,,
122;440941,06;4475664,68;41813;07  CHAMBERÍ;07-04 ALMAGRO;SANTA ENGRACIA, CALLE, DE;16;BiciMAD;24;-3.6962626;40.429524;SANTA ENGRACIA, CALLE, DE,16,,
123;439482,59;4475800,04;41813;07  CHAMBERÍ;07-01 GAZTAMBIDE;GUZMAN EL BUENO, CALLE, DE;2;BiciMAD;24;-3.7134685;40.4306386;GUZMAN EL BUENO, CALLE, DE,2,,
124;440683,01;4475810,28;42186;07  CHAMBERÍ;07-03 TRAFALGAR;MANUEL SILVELA, CALLE, DE;18;BiciMAD;24;-3.6993182;40.4308173;MANUEL SILVELA, CALLE, DE,18,,
125;441067,49;4476306,28;42186;07  CHAMBERÍ;07-04 ALMAGRO;FERNANDEZ DE LA HOZ, CALLE, DE;29;BiciMAD;24;-3.6948316;40.4353128;FERNANDEZ DE LA HOZ, CALLE, DE,29,,
126;440480,69;4476228,15;42186;07  CHAMBERÍ;07-03 TRAFALGAR;GENERAL ALVAREZ DE CASTRO, CALLE, DEL;4;BiciMAD;24;-3.7017424;40.4345672;GENERAL ALVAREZ DE CASTRO, CALLE, DEL,4,,
127;439915,53;4476159,21;42186;07  CHAMBERÍ;07-02 ARAPILES;FERNANDO EL CATOLICO, CALLE, DE;19;BiciMAD;24;-3.7083987;40.4339055;FERNANDO EL CATOLICO, CALLE, DE,19,,
128;439313,53;4476733,24;42186;07  CHAMBERÍ;07-01 GAZTAMBIDE;CEA BERMUDEZ, CALLE, DE;59;BiciMAD;24;-3.7155506;40.4390329;CEA BERMUDEZ, CALLE, DE,59,,
128 ampliacion;439301,59;4476734,02;43539;07  CHAMBERÍ;07-01 GAZTAMBIDE;CEA BERMUDEZ, CALLE, DE;59;BiciMAD;3;-3.7156915;40.4390391;CEA BERMUDEZ, CALLE, DE,59,,
129;440777,63;4476658,85;42186;07  CHAMBERÍ;07-05 RÍOS ROSAS;JOSE ABASCAL, CALLE, DE;33;BiciMAD;24;-3.6982818;40.4384684;JOSE ABASCAL, CALLE, DE,33,,
130;440489,99;4477022,03;42907;07  CHAMBERÍ;07-05 RÍOS ROSAS;SANTA ENGRACIA, CALLE, DE;129;BiciMAD;20;-3.7017071;40.4417195;SANTA ENGRACIA, CALLE, DE,129,,
131;440293,7;4477027,45;42186;07  CHAMBERÍ;07-05 RÍOS ROSAS;BRAVO MURILLO, CALLE, DE;44;BiciMAD;24;-3.704022;40.4417543;BRAVO MURILLO, CALLE, DE,44,,
132;440334,34;4477541,61;42186;07  CHAMBERÍ;07-05 RÍOS ROSAS;SANTA ENGRACIA, CALLE, DE;168;BiciMAD;24;-3.7035911;40.4463889;SANTA ENGRACIA, CALLE, DE,168,,
133;440637,08;4477625,61;42186;06  TETUÁN;06-02 CUATRO CAMINOS;DULCINEA, CALLE, DE;3;BiciMAD;24;-3.7000292;40.4471673;DULCINEA, CALLE, DE,3,,
134;441017,45;4477274,01;42186;07  CHAMBERÍ;07-05 RÍOS ROSAS;MARIA DE GUZMAN, CALLE, DE;58;BiciMAD;24;-3.6955114;40.444027;MARIA DE GUZMAN, CALLE, DE,58,,
135;441237,54;4476990,04;42095;07  CHAMBERÍ;07-05 RÍOS ROSAS;SAN JUAN DE LA CRUZ, PLAZA, DE;S/N;BiciMAD;24;-3.6928901;40.4414845;SAN JUAN DE LA CRUZ, PLAZA, DE, S/N,,
136;441417,02;4477410,33;42186;05  CHAMARTÍN;05-01 EL VISO;CASTELLANA, PASEO, DE LA;106;BiciMAD;24;-3.6908127;40.4452833;CASTELLANA, PASEO, DE LA,106,,
137;441885,33;4477430,27;42186;05  CHAMARTÍN;05-01 EL VISO;REPUBLICA ARGENTINA, PLAZA, DE LA;6;BiciMAD;24;-3.6852925;40.4454958;REPUBLICA ARGENTINA, PLAZA, DE LA,6,,
138;441352,15;4477455,81;42186;07  CHAMBERÍ;07-05 RÍOS ROSAS;CASTELLANA, PASEO, DE LA;frente 108;BiciMAD;24;-3.6915818;40.4456884;CASTELLANA, PASEO, DE LA, frente 108,,
139;441442,67;4476752,13;42186;05  CHAMARTÍN;05-01 EL VISO;JOSE GUTIERREZ ABASCAL, CALLE, DE;S/N;BiciMAD;24;-3.6904495;40.4393558;JOSE GUTIERREZ ABASCAL, CALLE, DE, S/N,,
140;442081,95;4476666,37;42186;05  CHAMARTÍN;05-01 EL VISO;VELAZQUEZ, CALLE, DE;134;BiciMAD;24;-3.6829045;40.438628;VELAZQUEZ, CALLE, DE,134,,
140 ampliación;442081,16;4476654,37;44007;05  CHAMARTÍN;05-01 EL VISO;VELAZQUEZ, CALLE, DE;134;BiciMAD;3;-3.6829127;40.4385198;VELAZQUEZ, CALLE, DE,134,,
141;441537,59;4476315,08;42186;07  CHAMBERÍ;07-04 ALMAGRO;CASTELLANA, PASEO, DE LA;43;BiciMAD;12;-3.6892902;40.4354253;CASTELLANA, PASEO, DE LA,43,,
142;441641,97;4476103,45;42186;04  SALAMANCA;04-06 CASTELLANA;CASTELLANA, PASEO, DE LA;S/N;BiciMAD;24;-3.6880402;40.4335262;CASTELLANA, PASEO, DE LA, S/N,,
143;442474,52;4476217,99;42186;04  SALAMANCA;04-05 LISTA;DIEGO DE LEON, CALLE, DE;54;BiciMAD;24;-3.6782355;40.434616;DIEGO DE LEON, CALLE, DE,54,,
144;442707,74;4475961,24;42175;04  SALAMANCA;04-05 LISTA;JUAN BRAVO, CALLE, DE;50;BiciMAD;24;-3.6754628;40.4323192;JUAN BRAVO, CALLE, DE,50,,
145;443050,11;4475675,85;42186;04  SALAMANCA;04-05 LISTA;JOSE ORTEGA Y GASSET, CALLE, DE;87;BiciMAD;24;-3.671401;40.4297717;JOSE ORTEGA Y GASSET, CALLE, DE,87,,
146;442435,7;4477286,68;42175;05  CHAMARTÍN;05-01 EL VISO;MARIA FRANCISCA, CALLE, DE;1;BiciMAD;18;-3.67879;40.4442406;MARIA FRANCISCA, CALLE, DE,1,,
147;442372,1;4477741,71;42186;05  CHAMARTÍN;05-01 EL VISO;DOCTOR ARCE, AVENIDA, DEL;45;BiciMAD;24;-3.6795811;40.4483353;DOCTOR ARCE, AVENIDA, DEL,45,,
148;442194,78;4478041,13;42186;05  CHAMARTÍN;05-01 EL VISO;SERRANO, CALLE, DE;210;BiciMAD;24;-3.6816993;40.4510203;SERRANO, CALLE, DE,210,,
149;441672,11;4477914,69;42186;05  CHAMARTÍN;05-01 EL VISO;LA HABANA, PASEO, DE;42;BiciMAD;24;-3.6878512;40.4498448;LA HABANA, PASEO, DE,42,,
150;441443,38;4477835,19;42186;05  CHAMARTÍN;05-01 EL VISO;CASTELLANA, PASEO, DE LA;S/N;BiciMAD;24;-3.690541;40.4491125;CASTELLANA, PASEO, DE LA, S/N,,
151;441047,89;4477810,45;42186;06  TETUÁN;06-02 CUATRO CAMINOS;ORENSE, CALLE, DE;10;BiciMAD;24;-3.6952023;40.4488617;ORENSE, CALLE, DE,10,,
152;440733,5;4478240,82;42186;06  TETUÁN;06-02 CUATRO CAMINOS;GENERAL PERON, AVENIDA, DEL;frente 4;BiciMAD;24;-3.6989497;40.4527163;GENERAL PERON, AVENIDA, DEL, frente 4,,
153;441230,1;4478196,25;42186;06  TETUÁN;06-02 CUATRO CAMINOS;GENERAL PERON, AVENIDA, DEL;frente 36;BiciMAD;24;-3.6930894;40.45235;GENERAL PERON, AVENIDA, DEL, frente 36,,
154;441097,89;4478466,69;42186;06  TETUÁN;06-02 CUATRO CAMINOS;ORENSE, CALLE, DE;36;BiciMAD;24;-3.6946736;40.4547769;ORENSE, CALLE, DE,36,,
155;440575,2;4478749,38;42186;06  TETUÁN;06-02 CUATRO CAMINOS;SAN GERMÁN, CALLE, DE;55;BiciMAD;24;-3.700864;40.4572863;SAN GERMÁN, CALLE, DE,55,,
156;441385,88;4478959,93;42186;06  TETUÁN;06-03 CASTILLEJOS;SOR ANGELA DE LA CRUZ, CALLE, DE;2;BiciMAD;24;-3.6913229;40.4592406;SOR ANGELA DE LA CRUZ, CALLE, DE,2,,
157;441554,84;4478963,2;42186;05  CHAMARTÍN;05-05 NUEVA ESPAÑA;CASTELLANA, PASEO, DE LA;S/N;BiciMAD;24;-3.6893305;40.459282;CASTELLANA, PASEO, DE LA, S/N,,
158;441946,46;4478886,67;42186;05  CHAMARTÍN;05-04 HISPANOAMÉRICA;ALBERTO ALCOCER, AVENIDA, DE;22 A;BiciMAD;24;-3.6847049;40.45862;ALBERTO ALCOCER, AVENIDA, DE, 22 A,,
159;442024,96;4478401,51;42186;05  CHAMARTÍN;05-04 HISPANOAMÉRICA;LA HABANA, PASEO, DE;63;BiciMAD;24;-3.6837348;40.4542549;LA HABANA, PASEO, DE,63,,
160;442630,95;4478723,71;42186;05  CHAMARTÍN;05-04 HISPANOAMÉRICA;COLOMBIA, CALLE, DE;7;BiciMAD;24;-3.6766176;40.4571995;COLOMBIA, CALLE, DE,7,,
161;438745,93;4474862,31;42186;09  MONCLOA-ARAVACA;09-01 CASA DE CAMPO;FLORIDA, PASEO, DE LA;8;BiciMAD;24;-3.7220624;40.4221372;FLORIDA, PASEO, DE LA,8,,
161 ampliacion;438754,04;4474853,3;43355;09  MONCLOA-ARAVACA;09-01 CASA DE CAMPO;FLORIDA, PASEO, DE LA;6;BiciMAD;3;-3.7219659;40.4220566;FLORIDA, PASEO, DE LA,6,,
162;439688,47;4472787,76;42186;02  ARGANZUELA;02-02 ACACIAS;OLMOS, PASEO, DE LOS;28;BiciMAD;24;-3.7107559;40.4035176;OLMOS, PASEO, DE LOS,28,,
163;440055,04;4472797,85;42186;02  ARGANZUELA;02-02 ACACIAS;ESPERANZA, PASEO, DE LA;0,083333333;BiciMAD;21;-3.7064372;40.4036349;ESPERANZA, PASEO, DE LA,0,8.33333E+14
164;441063,58;4472068,5;42186;02  ARGANZUELA;02-05 DELICIAS;DELICIAS, PASEO, DE LAS;94;BiciMAD;24;-3.6944851;40.3971366;DELICIAS, PASEO, DE LAS,94,,
165;440794,37;4471598,57;43718;02  ARGANZUELA;02-03 CHOPERA;CHOPERA, PASEO, DE LA;frente 49;BiciMAD;27;-3.6976134;40.3928841;CHOPERA, PASEO, DE LA, frente 49,,
166;439478,68;4473946,37;42544;01  CENTRO;01-01 PALACIO;SEGOVIA, CALLE, DE;21;BiciMAD;24;-3.7133382;40.4139396;SEGOVIA, CALLE, DE,21,,
167;439113,04;4473926,4;42877;02  ARGANZUELA;02-01 IMPERIAL;SEGOVIA, CALLE, DE;47 A;BiciMAD;24;-3.7176456;40.4137331;SEGOVIA, CALLE, DE, 47 A,,
168;440948,66;4472895,98;43752;02  ARGANZUELA;02-06 PALOS DE MOGUER;SANTA MARIA DE LA CABEZA, PASEO, DE;frente 32;BiciMAD;24;-3.6959159;40.4045828;SANTA MARIA DE LA CABEZA, PASEO, DE, frente 32,,
169;439424,51;4472574,58;43699;02  ARGANZUELA;02-02 ACACIAS;TOLEDO, CALLE, DE;181;BiciMAD;24;-3.713846;40.401578;TOLEDO, CALLE, DE,181,,
170;440225,41;4472515,53;43649;02  ARGANZUELA;02-02 ACACIAS;ESPERANZA, PASEO, DE LA;21;BiciMAD;24;-3.704403;40.4011039;ESPERANZA, PASEO, DE LA,21,,
171;440729,75;4472362,64;43649;02  ARGANZUELA;02-05 DELICIAS;EMBAJADORES, CALLE, DE;97;BiciMAD;24;-3.6984459;40.3997626;EMBAJADORES, CALLE, DE,97,,
172;441146,63;4472482,09;43740;02  ARGANZUELA;02-06 PALOS DE MOGUER;BUSTAMANTE, CALLE, DE;1;BiciMAD;24;-3.6935448;40.4008683;BUSTAMANTE, CALLE, DE,1,,
173;440396,07;4472189,13;43699;02  ARGANZUELA;02-02 ACACIAS;ESPERANZA, PASEO, DE LA;59;BiciMAD;24;-3.7023615;40.3981757;ESPERANZA, PASEO, DE LA,59,,
174;440054,62;4472107,63;43718;02  ARGANZUELA;02-02 ACACIAS;YESERIAS, PASEO, DE LAS;8;BiciMAD;27;-3.7063771;40.397417;YESERIAS, PASEO, DE LAS,8,,
175;440738,79;4471974,72;43641;02  ARGANZUELA;02-03 CHOPERA;JAIME EL CONQUISTADOR, CALLE, DE;30;BiciMAD;21;-3.6983033;40.3962687;JAIME EL CONQUISTADOR, CALLE, DE,30,,
176;441133,61;4471746,54;43634;02  ARGANZUELA;02-05 DELICIAS;ALICANTE, CALLE, DE;3;BiciMAD;24;-3.6936302;40.3942411;ALICANTE, CALLE, DE,3,,
177;441092,45;4471442,79;43634;02  ARGANZUELA;02-05 DELICIAS;BOLIVAR, CALLE, DE;3;BiciMAD;24;-3.694087;40.3915019;BOLIVAR, CALLE, DE,3,,
178;442391,73;4472711,75;43881;03  RETIRO;03-01 PACÍFICO;LEON GIL DE PALACIO, CALLE, DE;1;BiciMAD;24;-3.6788939;40.4030242;LEON GIL DE PALACIO, CALLE, DE,1,,
179;443221,91;4472140,39;43738;13  PUENTE DE VALLECAS;13-02 SAN DIEGO;M-30, AUTOVIA;S/N;BiciMAD;24;-3.6690602;40.3979341;M-30, AUTOVIA, S/N,,,,
180;442636,16;4471722,03;43719;02  ARGANZUELA;02-07 ATOCHA;RETAMA, CALLE, DE LA;5;BiciMAD;24;-3.6759244;40.3941252;RETAMA, CALLE, DE LA,5,,
181;442595,87;4474391,99;43634;03  RETIRO;03-04 IBIZA;IBIZA, CALLE, DE;18;BiciMAD;27;-3.67664;40.4181748;IBIZA, CALLE, DE,18,,
182;443541,21;4474444,72;43612;03  RETIRO;03-03 ESTRELLA;ALCALDE SAINZ DE BARANDA, CALLE, DEL;90;BiciMAD;24;-3.6655023;40.4187145;ALCALDE SAINZ DE BARANDA, CALLE, DEL,90,,
183;443212,07;4475215,51;43678;04  SALAMANCA;04-02 GOYA;HERMOSILLA, CALLE, DE;135;BiciMAD;24;-3.6694506;40.4256358;HERMOSILLA, CALLE, DE,135,,
184;443563,66;4475253,54;43678;04  SALAMANCA;04-03 FUENTE DEL BERRO;MARQUES DE ZAFRA, PASEO, DEL;24;BiciMAD;24;-3.6653095;40.4260023;MARQUES DE ZAFRA, PASEO, DEL,24,,
185;443883,24;4475147,45;43678;04  SALAMANCA;04-03 FUENTE DEL BERRO;MARQUES DE ZAFRA, GLORIETA, DEL;frente 4;BiciMAD;24;-3.661533;40.4250682;MARQUES DE ZAFRA, GLORIETA, DEL, frente 4,,
186;442466,16;4475602,3;43738;04  SALAMANCA;04-05 LISTA;GENERAL PARDIÑAS, CALLE, DEL;56;BiciMAD;24;-3.6782783;40.429069;GENERAL PARDIÑAS, CALLE, DEL,56,,
187;443691,7;4475711,36;43655;04  SALAMANCA;04-03 FUENTE DEL BERRO;ALEJANDRO GONZALEZ, CALLE, DE;1;BiciMAD;24;-3.6638407;40.4301353;ALEJANDRO GONZALEZ, CALLE, DE,1,,
188;444111,11;4475822,61;43720;15  CIUDAD LINEAL;15-01 VENTAS;DAROCA, AVENIDA, DE;2;BiciMAD;27;-3.6589062;40.4311658;DAROCA, AVENIDA, DE,2,,
189;444399,55;4476248,37;43759;15  CIUDAD LINEAL;15-04 CONCEPCIÓN;VIRGEN DE LA ALEGRIA, CALLE, DE LA;18;BiciMAD;24;-3.6555431;40.4350206;VIRGEN DE LA ALEGRIA, CALLE, DE LA,18,,
190;442030,24;4476194,79;43678;04  SALAMANCA;04-06 CASTELLANA;VELAZQUEZ, CALLE, DE;91;BiciMAD;24;-3.6834711;40.4343761;VELAZQUEZ, CALLE, DE,91,,
191;442830,66;4476215,36;43700;04  SALAMANCA;04-04 GUINDALERA;ALONSO HEREDIA, CALLE, DE;1;BiciMAD;18;-3.6740365;40.4346168;ALONSO HEREDIA, CALLE, DE,1,,
192;443049,28;4475907,11;43634;04  SALAMANCA;04-04 GUINDALERA;TOREROS, AVENIDA, DE LOS;3;BiciMAD;27;-3.6714315;40.431855;TOREROS, AVENIDA, DE LOS,3,,
193;443540,74;4475977,26;43634;04  SALAMANCA;04-04 GUINDALERA;TOREROS, AVENIDA, DE LOS;47;BiciMAD;24;-3.665644;40.4325204;TOREROS, AVENIDA, DE LOS,47,,
194;442564,99;4476503,98;43738;04  SALAMANCA;04-04 GUINDALERA;FRANCISCO SILVELA, CALLE, DE;86;BiciMAD;24;-3.6771947;40.4371986;FRANCISCO SILVELA, CALLE, DE,86,,
195;442711,2;4476730,39;43738;05  CHAMARTÍN;05-02 PROSPERIDAD;PADRE INDALECIO HERNANDEZ, CALLE, DEL;1;BiciMAD;24;-3.6754913;40.4392483;PADRE INDALECIO HERNANDEZ, CALLE, DEL,1,,
196;442749,2;4477268,2;43759;05  CHAMARTÍN;05-03 CIUDAD JARDÍN;SUERO DE QUIÑONES, CALLE, DE;2;BiciMAD;24;-3.6750918;40.4440957;SUERO DE QUIÑONES, CALLE, DE,2,,
197;442506,78;4478097,54;43678;05  CHAMARTÍN;05-01 EL VISO;CONCHA ESPINA, AVENIDA, DE;S/N;BiciMAD;24;-3.6780252;40.4515501;CONCHA ESPINA, AVENIDA, DE, S/N,,
198;441342,11;4476060,39;43752;07  CHAMBERÍ;07-04 ALMAGRO;RUBEN DARIO, GLORIETA, DE;2;BiciMAD;24;-3.6915713;40.4331172;RUBEN DARIO, GLORIETA, DE,2,,
199;439369,52;4476210,1;43641;07  CHAMBERÍ;07-01 GAZTAMBIDE;FERNANDO EL CATOLICO, CALLE, DE;61;BiciMAD;27;-3.7148406;40.4343244;FERNANDO EL CATOLICO, CALLE, DE,61,,
200;440231,49;4476129,61;43714;07  CHAMBERÍ;07-02 ARAPILES;QUEVEDO, GLORIETA, DE;frente 4;BiciMAD;24;-3.704671;40.4336617;QUEVEDO, GLORIETA, DE, frente 4,,
201;440308,49;4476691,87;43759;07  CHAMBERÍ;07-05 RÍOS ROSAS;JOSE ABASCAL, CALLE, DE;frente al 2;BiciMAD;24;-3.7038161;40.4387323;JOSE ABASCAL, CALLE, DE, frente al 2,,
202;439947,59;4476965,21;43749;07  CHAMBERÍ;07-06 VALLEHERMOSO;SANTANDER, CALLE, DE;S/N;BiciMAD;24;-3.7080969;40.4411686;SANTANDER, CALLE, DE, S/N,,
203;439411,53;4477034,58;43612;07  CHAMBERÍ;07-06 VALLEHERMOSO;GENERAL AMPUDIA, CALLE, DEL;2;BiciMAD;24;-3.7144239;40.4417547;GENERAL AMPUDIA, CALLE, DEL,2,,
204;440286,36;4477683,16;43678;06  TETUÁN;06-01 BELLAS VISTAS;DOCTOR SANTERO, CALLE, DEL;1;BiciMAD;24;-3.7041702;40.4476606;DOCTOR SANTERO, CALLE, DEL,1,,
205;440361,85;4478331,04;43634;06  TETUÁN;06-01 BELLAS VISTAS;NAVARRA, CALLE, DE;1;BiciMAD;24;-3.7033408;40.4535024;NAVARRA, CALLE, DE,1,,
206;440732,11;4479138,12;43720;06  TETUÁN;06-06 BERRUGUETE;MARQUES DE VIANA, CALLE, DEL;5;BiciMAD;24;-3.6990499;40.4607994;MARQUES DE VIANA, CALLE, DEL,5,,
207;440874,02;4479384,51;43669;06  TETUÁN;06-05 VALDEACEDERAS;AZUCENAS, CALLE, DE LAS;1;BiciMAD;18;-3.6973991;40.4630291;AZUCENAS, CALLE, DE LAS,1,,
208;441615,82;4479765,37;43738;05  CHAMARTÍN;05-06 CASTILLA;CASTELLANA, PASEO, DE LA;S/N;BiciMAD;24;-3.6886852;40.4665125;CASTELLANA, PASEO, DE LA, S/N,,
209;441606,43;4479673,82;43738;05  CHAMARTÍN;05-05 NUEVA ESPAÑA;CASTILLA, PLAZA, DE;9;BiciMAD;24;-3.6887875;40.4656872;CASTILLA, PLAZA, DE,9,,
210;440392,24;4474584,46;43662;01  CENTRO;01-06 SOL;TRES CRUCES, CALLE, DE LAS;9;BiciMAD;27;-3.702631;40.4197538;TRES CRUCES, CALLE, DE LAS,9,,
211;440400,99;4474680,19;43697;01  CENTRO;01-05 UNIVERSIDAD;DESENGAÑO, CALLE, DEL;3;BiciMAD;24;-3.7025369;40.4206168;DESENGAÑO, CALLE, DEL,3,,
212;439193,57;4472197,09;44008;11  CARABANCHEL;11-03 SAN ISIDRO;MARQUES DE VADILLO, GLORIETA, DEL;9;BiciMAD;24;-3.7165313;40.3981605;MARQUES DE VADILLO, GLORIETA, DEL,9,,
213;440574,99;4471162,08;44089;12  USERA;12-05 MOSCARDÓ;ANTONIO LOPEZ, CALLE, DE;129;BiciMAD;24;-3.7001575;40.3889363;ANTONIO LOPEZ, CALLE, DE,129,,
214;444286,32;4477179,51;44126;15  CIUDAD LINEAL;15-05 SAN PASCUAL;CONDESA DE VENADITO, CALLE, DE LA;2;BiciMAD;24;-3.6569597;40.4434012;CONDESA DE VENADITO, CALLE, DE LA,2,,
215;445631,32;4475647,64;44126;15  CIUDAD LINEAL;15-02 PUEBLO NUEVO;GUTIERRE DE CETINA, CALLE, DE;77;BiciMAD;24;-3.6409697;40.4296903;GUTIERRE DE CETINA, CALLE, DE,77,,
216;438158,91;4473969,7;44127;10  LATINA;10-02 PUERTA DEL ÁNGEL;PUERTA DEL ANGEL, PLAZA, DE LA;3;BiciMAD;24;-3.7288948;40.4140528;PUERTA DEL ANGEL, PLAZA, DE LA,3,,
217;441592,41;4481374,08;44132;08  FUENCARRAL-EL PARDO;08-05 LA PAZ;PEDRO RICO, CALLE, DE;frente al 4;BiciMAD;24;-3.6891094;40.4810028;PEDRO RICO, CALLE, DE, frente al 4,,
218;444221,86;4473533,53;44153;14  MORATALAZ;14-04 MEDIA LEGUA;CAMINO DE LOS VINATEROS, CALLE, DEL;28;BiciMAD;24;-3.6573999;40.4105519;CAMINO DE LOS VINATEROS, CALLE, DEL,28,,
219;445121,32;4473287,59;44153;14  MORATALAZ;14-03 MARROQUINA;CAMINO DE LOS VINATEROS, CALLE, DEL;108;BiciMAD;24;-3.6467783;40.4083961;CAMINO DE LOS VINATEROS, CALLE, DEL,108,,
220;444725,09;4473041,7;44153;14  MORATALAZ;14-04 MEDIA LEGUA;ARROYO DE LAS PILILLAS, CALLE, DEL;frente al 4;BiciMAD;24;-3.6514264;40.4061548;ARROYO DE LAS PILILLAS, CALLE, DEL, frente al 4,,
221;446141,03;4472399,01;44153;14  MORATALAZ;14-01 PAVONES;HACIENDA DE PAVONES, CALLE, DE LA;346;BiciMAD;24;-3.6346859;40.4004579;HACIENDA DE PAVONES, CALLE, DE LA,346,,
222;440362,66;4471479,61;44169;12  USERA;12-05 MOSCARDÓ;EUGENIO CAXES, CALLE, DE;5;BiciMAD;24;-3.7026887;40.3917816;EUGENIO CAXES, CALLE, DE,5,,
223;438522,93;4473120,98;44169;10  LATINA;10-01 CÁRMENES;ERMITA DEL SANTO, PASEO, DE LA;48;BiciMAD;24;-3.7245226;40.4064341;ERMITA DEL SANTO, PASEO, DE LA,48,,
224;438160;4473395,7;44169;10  LATINA;10-02 PUERTA DEL ÁNGEL;CARAMUEL, CALLE, DE;frente al 52;BiciMAD;24;-3.7288262;40.408882;CARAMUEL, CALLE, DE, frente al 52,,,
225;443978,28;4472656,95;44181;13  PUENTE DE VALLECAS;13-06 NUMANCIA;SIERRA TOLEDANA, CALLE, DE LA;33;BiciMAD;24;-3.6601933;40.4026388;SIERRA TOLEDANA, CALLE, DE LA,33,,
226;443934,22;4472275,39;44181;13  PUENTE DE VALLECAS;13-06 NUMANCIA;VALDERRIBAS, CAMINO, DE;94;BiciMAD;24;-3.6606789;40.3991986;VALDERRIBAS, CAMINO, DE,94,,
227;443466,29;4471705,78;44181;13  PUENTE DE VALLECAS;13-02 SAN DIEGO;ARROYO DEL OLIVAR, CALLE, DEL;4;BiciMAD;24;-3.6661421;40.3940355;ARROYO DEL OLIVAR, CALLE, DEL,4,,
228;439910,49;4471772,12;44181;11  CARABANCHEL;11-01 COMILLA;SAN DELFIN, CALLE, DE;9;BiciMAD;24;-3.7080437;40.3943842;SAN DELFIN, CALLE, DE,9,,
229;444985,82;4476472,45;44181;15  CIUDAD LINEAL;15-04 CONCEPCIÓN;JOSE DEL HIERRO, CALLE, DE;5;BiciMAD;24;-3.6486507;40.4370782;JOSE DEL HIERRO, CALLE, DE,5,,
230;444952,82;4477207,59;44181;15  CIUDAD LINEAL;15-05 SAN PASCUAL;CARLOTA O'NEILL, CALLE, DE;32;BiciMAD;24;-3.6491034;40.4436986;CARLOTA O'NEILL, CALLE, DE,32,,
231;444380,2;4476773,28;44181;15  CIUDAD LINEAL;15-05 SAN PASCUAL;DERECHOS HUMANOS, CALLE, DE LOS;14;BiciMAD;24;-3.6558172;40.439748;DERECHOS HUMANOS, CALLE, DE LOS,14,,
232;444989,2;4476001,54;44181;15  CIUDAD LINEAL;15-01 VENTAS;JOSE MARIA PEREDA, CALLE, DE;1;BiciMAD;24;-3.6485701;40.4328362;JOSE MARIA PEREDA, CALLE, DE,1,,
233;444381,95;4474904,65;44181;15  CIUDAD LINEAL;15-01 VENTAS;MARQUES DE CORBERA, AVENIDA, DEL;12;BiciMAD;24;-3.655633;40.4229144;MARQUES DE CORBERA, AVENIDA, DEL,12,,
234;444767,03;4475262,41;44181;15  CIUDAD LINEAL;15-01 VENTAS;MARQUES DE CORBERA, AVENIDA, DEL;52;BiciMAD;24;-3.651125;40.426163;MARQUES DE CORBERA, AVENIDA, DEL,52,,
235;441336,7;4471161,52;44181;02  ARGANZUELA;02-04 LEGAZPI;SODIO, CALLE, DEL;1 B;BiciMAD;24;-3.6911834;40.3889853;SODIO, CALLE, DEL, 1 B,,
236;439149,84;4473225,71;44181;02  ARGANZUELA;02-01 IMPERIAL;IMPERIAL, PASEO;20;BiciMAD;24;-3.7171449;40.4074236;IMPERIAL, PASEO,20,,,,
237;439751,68;4478101,98;44181;06  TETUÁN;06-01 BELLAS VISTAS;FRANCISCO BALSEIRO, CALLE, DE;S/N;BiciMAD;24;-3.7105146;40.451395;FRANCISCO BALSEIRO, CALLE, DE, S/N,,
238;441220,07;4478625,73;44181;06  TETUÁN;06-02 CUATRO CAMINOS;SAN GERMÁN, CALLE, DE;5;BiciMAD;24;-3.6932474;40.4562183;SAN GERMÁN, CALLE, DE,5,,
239;439975,8;4478692,91;44181;06  TETUÁN;06-06 BERRUGUETE;FRANCOS RODRIGUEZ, CALLE, DE;62;BiciMAD;24;-3.7079276;40.4567345;FRANCOS RODRIGUEZ, CALLE, DE,62,,
240;443939,09;4476439,76;44194;04  SALAMANCA;04-04 GUINDALERA;BRASILIA, AVENIDA, DE;frente al 9;BiciMAD;24;-3.6609886;40.4367138;BRASILIA, AVENIDA, DE, frente al 9,,
241;443363,99;4476559,86;44194;04  SALAMANCA;04-04 GUINDALERA;CAMILO JOSE CELA, AVENIDA, DE;23;BiciMAD;24;-3.6677796;40.4377568;CAMILO JOSE CELA, AVENIDA, DE,23,,
242;443778,78;4476746,49;44194;04  SALAMANCA;04-04 GUINDALERA;BRUSELAS, AVENIDA, DE;56;BiciMAD;24;-3.6629058;40.4394662;BRUSELAS, AVENIDA, DE,56,,
243;443165,91;4476273,63;44194;04  SALAMANCA;04-04 GUINDALERA;CARTAGENA, CALLE, DE;38;BiciMAD;24;-3.6700894;40.4351648;CARTAGENA, CALLE, DE,38,,
244;439144,97;4476825,45;44194;07  CHAMBERÍ;07-06 VALLEHERMOSO;ISAAC PERAL, CALLE, DE;44;BiciMAD;24;-3.7175468;40.4398513;ISAAC PERAL, CALLE, DE,44,,
245;439767,36;4476444,58;44194;07  CHAMBERÍ;07-02 ARAPILES;GALILEO, CALLE, DE;63;BiciMAD;24;-3.7101726;40.4364656;GALILEO, CALLE, DE,63,,
246;440693,2;4476388,4;44194;07  CHAMBERÍ;07-03 TRAFALGAR;SANTA ENGRACIA, CALLE, DE;87;BiciMAD;24;-3.699252;40.436026;SANTA ENGRACIA, CALLE, DE,87,,
247;441238,82;4476643,99;44194;07  CHAMBERÍ;07-05 RÍOS ROSAS;ZURBANO, CALLE, DE;90;BiciMAD;24;-3.692843;40.4383672;ZURBANO, CALLE, DE,90,,
248;441694,11;4480631,92;44194;08  FUENCARRAL-EL PARDO;08-05 LA PAZ;SINESIO DELGADO, CALLE, DE;2;BiciMAD;24;-3.6878414;40.4743243;SINESIO DELGADO, CALLE, DE,2,,
249;441914,27;4481195,42;44194;05  CHAMARTÍN;05-06 CASTILLA;CASTELLANA, PASEO, DE LA;frente al 298;BiciMAD;24;-3.6852959;40.4794159;CASTELLANA, PASEO, DE LA, frente al 298,,
250;441812,82;4476911,24;44194;05  CHAMARTÍN;05-01 EL VISO;SERRANO, CALLE, DE;113 b;BiciMAD;24;-3.6861;40.4408151;SERRANO, CALLE, DE, 113 b,,
251;443447,95;4477272,58;44194;05  CHAMARTÍN;05-02 PROSPERIDAD;SANTA HORTENSIA, CALLE, DE;31;BiciMAD;24;-3.6668532;40.444183;SANTA HORTENSIA, CALLE, DE,31,,
252;442025,04;4480322,99;44194;05  CHAMARTÍN;05-06 CASTILLA;RODRIGUEZ JAEN, CALLE, DE;S/N;BiciMAD;24;-3.6839094;40.4715645;RODRIGUEZ JAEN, CALLE, DE, S/N,,
253;441626,91;4478554,58;44194;05  CHAMARTÍN;05-04 HISPANOAMÉRICA;DOCTOR FLEMING, CALLE, DEL;7;BiciMAD;24;-3.688443;40.455606;DOCTOR FLEMING, CALLE, DEL,7,,
254;442639,53;4479150,36;44194;05  CHAMARTÍN;05-05 NUEVA ESPAÑA;PIO XII, AVENIDA, DE;3;BiciMAD;24;-3.6765549;40.4610436;PIO XII, AVENIDA, DE,3,,
255;441910,45;4479454,04;44194;05  CHAMARTÍN;05-05 NUEVA ESPAÑA;GENERAL LOPEZ POZAS, CALLE, DEL;2;BiciMAD;24;-3.6851815;40.4637286;GENERAL LOPEZ POZAS, CALLE, DEL,2,,
256;439465,58;4477545,36;44194;09  MONCLOA-ARAVACA;09-03 CIUDAD UNIVERSITARIA;BEATRIZ DE BOBADILLA, CALLE, DE;frente al 2;BiciMAD;24;-3.7138353;40.4463599;BEATRIZ DE BOBADILLA, CALLE, DE, frente al 2,,
257;438063,25;4476718,06;44194;09  MONCLOA-ARAVACA;09-03 CIUDAD UNIVERSITARIA;JUAN DE HERRERA, AVENIDA, DE;1;BiciMAD;24;-3.73029;40.438804;JUAN DE HERRERA, AVENIDA, DE,1,,
258;438326,14;4477849,84;44194;09  MONCLOA-ARAVACA;09-03 CIUDAD UNIVERSITARIA;COMPLUTENSE, AVENIDA;frente al 14;BiciMAD;24;-3.7273004;40.449019;COMPLUTENSE, AVENIDA, frente al 14,,,,
259;438344,78;4477338,89;44194;09  MONCLOA-ARAVACA;09-03 CIUDAD UNIVERSITARIA;RAMON Y CAJAL, PLAZA, DE;S/N;BiciMAD;24;-3.727031;40.4444176;RAMON Y CAJAL, PLAZA, DE, S/N,,
260;438328,53;4477762,41;44194;09  MONCLOA-ARAVACA;09-03 CIUDAD UNIVERSITARIA;JOSE ANTONIO NOVAIS, CALLE, DE;S/N;BiciMAD;24;-3.7272637;40.4482316;JOSE ANTONIO NOVAIS, CALLE, DE, S/N,,
261;438161,53;4478015,95;44194;09  MONCLOA-ARAVACA;09-03 CIUDAD UNIVERSITARIA;COMPLUTENSE, AVENIDA;frente al 7;BiciMAD;24;-3.7292576;40.4505032;COMPLUTENSE, AVENIDA, frente al 7,,,,
