Date,Tourists,Region,Country,Channel
01-01-2019,3934,Madrid,USA,Agency
02-01-2019,5731,Madrid,UK,Walk-in
03-01-2019,4021,Madrid,Italy,Walk-in
04-01-2019,4676,Madrid,USA,Online
05-01-2019,3585,Madrid,Italy,Online
06-01-2019,2054,Madrid,UK,Agency
07-01-2019,4076,Madrid,UK,Online
08-01-2019,2986,Madrid,Germany,Agency
09-01-2019,3697,Madrid,France,Online
10-01-2019,1728,Madrid,UK,Agency
11-01-2019,3863,Madrid,UK,Walk-in
12-01-2019,2999,Madrid,Italy,Agency
13-01-2019,3544,Madrid,UK,Walk-in
14-01-2019,3085,Madrid,USA,Walk-in
15-01-2019,2814,Madrid,Germany,Online
16-01-2019,3973,Madrid,Germany,Online
17-01-2019,2653,Madrid,USA,Walk-in
18-01-2019,896,Madrid,UK,Agency
19-01-2019,484,Madrid,France,Agency
20-01-2019,3588,Madrid,UK,Online
21-01-2019,2657,Madrid,Germany,Agency
22-01-2019,751,Madrid,France,Agency
23-01-2019,3520,Madrid,Italy,Agency
24-01-2019,3236,Madrid,Italy,Walk-in
25-01-2019,2644,Madrid,UK,Walk-in
26-01-2019,3780,Madrid,UK,Agency
27-01-2019,5399,Madrid,France,Online
28-01-2019,5369,Madrid,France,Agency
29-01-2019,3674,Madrid,UK,Online
30-01-2019,3348,Madrid,Germany,Walk-in
31-01-2019,3728,Madrid,Italy,Agency
01-02-2019,3971,Madrid,France,Agency
02-02-2019,3121,Madrid,Germany,Online
03-02-2019,3802,Madrid,UK,Online
04-02-2019,1196,Madrid,USA,Agency
05-02-2019,3695,Madrid,France,Agency
06-02-2019,4304,Madrid,USA,Online
07-02-2019,2870,Madrid,Germany,Walk-in
08-02-2019,3478,Madrid,Italy,Online
09-02-2019,1970,Madrid,Germany,Agency
10-02-2019,1778,Madrid,Italy,Walk-in
11-02-2019,3986,Madrid,Germany,Walk-in
12-02-2019,2592,Madrid,France,Walk-in
13-02-2019,1037,Madrid,France,Walk-in
14-02-2019,2050,Madrid,USA,Agency
15-02-2019,2285,Madrid,Germany,Walk-in
16-02-2019,4912,Madrid,Germany,Online
17-02-2019,4035,Madrid,USA,Online
18-02-2019,2475,Madrid,UK,Online
19-02-2019,2917,Madrid,Germany,Agency
20-02-2019,5783,Madrid,Germany,Walk-in
21-02-2019,5235,Madrid,Germany,Online
22-02-2019,2170,Madrid,UK,Online
23-02-2019,5608,Madrid,France,Online
24-02-2019,3758,Madrid,USA,Walk-in
25-02-2019,5094,Madrid,UK,Online
26-02-2019,3666,Madrid,Italy,Walk-in
27-02-2019,5705,Madrid,Italy,Walk-in
28-02-2019,2203,Madrid,UK,Walk-in
01-03-2019,3575,Madrid,UK,Agency
02-03-2019,5799,Madrid,France,Agency
03-03-2019,401,Madrid,Italy,Walk-in
04-03-2019,3937,Madrid,USA,Walk-in
05-03-2019,3431,Madrid,Germany,Agency
06-03-2019,5064,Madrid,Germany,Agency
07-03-2019,5658,Madrid,France,Walk-in
08-03-2019,5164,Madrid,France,Agency
09-03-2019,4446,Madrid,Italy,Online
10-03-2019,4161,Madrid,USA,Walk-in
11-03-2019,3602,Madrid,USA,Walk-in
12-03-2019,4446,Madrid,UK,Agency
13-03-2019,6337,Madrid,France,Online
14-03-2019,2917,Madrid,Germany,Agency
15-03-2019,3575,Madrid,Germany,Online
16-03-2019,4081,Madrid,Italy,Online
17-03-2019,5711,Madrid,Germany,Walk-in
18-03-2019,4560,Madrid,USA,Online
19-03-2019,5716,Madrid,USA,Walk-in
20-03-2019,5807,Madrid,France,Online
21-03-2019,5159,Madrid,Italy,Walk-in
22-03-2019,2691,Madrid,Germany,Online
23-03-2019,6794,Madrid,France,Agency
24-03-2019,6436,Madrid,UK,Online
25-03-2019,4428,Madrid,UK,Agency
26-03-2019,2276,Madrid,Germany,Online
27-03-2019,2023,Madrid,Germany,Online
28-03-2019,4760,Madrid,Germany,Walk-in
29-03-2019,3341,Madrid,USA,Online
30-03-2019,1833,Madrid,Germany,Online
31-03-2019,2055,Madrid,UK,Online
01-04-2019,3734,Madrid,Germany,Agency
02-04-2019,4747,Madrid,Italy,Walk-in
03-04-2019,6578,Madrid,UK,Walk-in
04-04-2019,5211,Madrid,Italy,Online
05-04-2019,3928,Madrid,UK,Online
06-04-2019,5085,Madrid,France,Agency
07-04-2019,4966,Madrid,UK,Online
08-04-2019,5654,Madrid,UK,Walk-in
09-04-2019,4500,Madrid,Italy,Walk-in
10-04-2019,6129,Madrid,Italy,Agency
11-04-2019,5826,Madrid,UK,Agency
12-04-2019,4728,Madrid,UK,Walk-in
13-04-2019,4440,Madrid,USA,Agency
14-04-2019,6013,Madrid,France,Online
15-04-2019,3578,Madrid,France,Online
16-04-2019,2403,Madrid,Germany,Agency
17-04-2019,2409,Madrid,UK,Walk-in
18-04-2019,3498,Madrid,UK,Agency
19-04-2019,5696,Madrid,UK,Walk-in
20-04-2019,4087,Madrid,UK,Agency
21-04-2019,5043,Madrid,France,Agency
22-04-2019,4008,Madrid,Italy,Agency
23-04-2019,4034,Madrid,USA,Online
24-04-2019,3241,Madrid,Italy,Online
25-04-2019,4656,Madrid,Italy,Walk-in
26-04-2019,4545,Madrid,France,Agency
27-04-2019,5441,Madrid,USA,Online
28-04-2019,5268,Madrid,UK,Agency
29-04-2019,4555,Madrid,France,Walk-in
30-04-2019,2606,Madrid,France,Online
01-05-2019,6485,Madrid,USA,Walk-in
02-05-2019,4766,Madrid,Germany,Online
03-05-2019,5027,Madrid,France,Agency
04-05-2019,7322,Madrid,Italy,Walk-in
05-05-2019,6298,Madrid,Italy,Online
06-05-2019,5619,Madrid,UK,Online
07-05-2019,4960,Madrid,France,Agency
08-05-2019,4960,Madrid,UK,Walk-in
09-05-2019,5352,Madrid,France,Walk-in
10-05-2019,5616,Madrid,USA,Walk-in
11-05-2019,7586,Madrid,France,Agency
12-05-2019,8743,Madrid,Germany,Online
13-05-2019,5482,Madrid,Italy,Online
14-05-2019,1830,Madrid,USA,Walk-in
15-05-2019,3646,Madrid,Italy,Online
16-05-2019,7805,Madrid,UK,Walk-in
17-05-2019,6179,Madrid,USA,Agency
18-05-2019,5754,Madrid,Germany,Agency
19-05-2019,4878,Madrid,Italy,Agency
20-05-2019,3358,Madrid,France,Walk-in
21-05-2019,7671,Madrid,France,Online
22-05-2019,3933,Madrid,France,Agency
23-05-2019,6275,Madrid,USA,Walk-in
24-05-2019,3244,Madrid,Germany,Walk-in
25-05-2019,4885,Madrid,Germany,Agency
26-05-2019,6711,Madrid,Germany,Agency
27-05-2019,4860,Madrid,Italy,Agency
28-05-2019,4695,Madrid,USA,Online
29-05-2019,5276,Madrid,France,Online
30-05-2019,3269,Madrid,Italy,Walk-in
31-05-2019,3000,Madrid,Germany,Agency
01-06-2019,6371,Madrid,France,Agency
02-06-2019,4679,Madrid,USA,Online
03-06-2019,6385,Madrid,UK,Agency
04-06-2019,7015,Madrid,Germany,Walk-in
05-06-2019,7148,Madrid,Germany,Agency
06-06-2019,2932,Madrid,Germany,Online
07-06-2019,4329,Madrid,Germany,Walk-in
08-06-2019,6195,Madrid,France,Walk-in
09-06-2019,6230,Madrid,USA,Agency
10-06-2019,8788,Madrid,Italy,Walk-in
11-06-2019,4065,Madrid,France,Agency
12-06-2019,7191,Madrid,USA,Agency
13-06-2019,6009,Madrid,Italy,Online
14-06-2019,3003,Madrid,Germany,Walk-in
15-06-2019,4654,Madrid,USA,Agency
16-06-2019,5881,Madrid,Germany,Agency
17-06-2019,2943,Madrid,USA,Agency
18-06-2019,2401,Madrid,UK,Walk-in
19-06-2019,2882,Madrid,Germany,Walk-in
20-06-2019,5925,Madrid,Germany,Walk-in
21-06-2019,4821,Madrid,Germany,Agency
22-06-2019,4630,Madrid,France,Walk-in
23-06-2019,4693,Madrid,Italy,Agency
24-06-2019,3448,Madrid,Germany,Walk-in
25-06-2019,4911,Madrid,Germany,Walk-in
26-06-2019,2877,Madrid,France,Agency
27-06-2019,7400,Madrid,France,Walk-in
28-06-2019,8169,Madrid,UK,Agency
29-06-2019,2153,Madrid,USA,Walk-in
30-06-2019,4950,Madrid,Germany,Walk-in
01-07-2019,5059,Madrid,USA,Walk-in
02-07-2019,5415,Madrid,France,Walk-in
03-07-2019,7190,Madrid,France,Online
04-07-2019,5000,Madrid,UK,Agency
05-07-2019,5578,Madrid,Italy,Online
06-07-2019,10191,Madrid,France,Walk-in
07-07-2019,5566,Madrid,Germany,Walk-in
08-07-2019,8394,Madrid,UK,Agency
09-07-2019,6508,Madrid,Italy,Agency
10-07-2019,4936,Madrid,UK,Agency
11-07-2019,4696,Madrid,France,Agency
12-07-2019,5778,Madrid,Italy,Walk-in
13-07-2019,4110,Madrid,USA,Agency
14-07-2019,4514,Madrid,Italy,Online
15-07-2019,5186,Madrid,Germany,Agency
16-07-2019,6272,Madrid,USA,Agency
17-07-2019,8581,Madrid,USA,Online
18-07-2019,5126,Madrid,Germany,Online
19-07-2019,6556,Madrid,USA,Online
20-07-2019,3432,Madrid,France,Online
21-07-2019,7475,Madrid,Italy,Agency
22-07-2019,3312,Madrid,Italy,Online
23-07-2019,7103,Madrid,Germany,Walk-in
24-07-2019,5794,Madrid,France,Agency
25-07-2019,5745,Madrid,USA,Walk-in
26-07-2019,5486,Madrid,Italy,Agency
27-07-2019,3994,Madrid,Italy,Agency
28-07-2019,4084,Madrid,Italy,Walk-in
29-07-2019,7221,Madrid,Italy,Online
30-07-2019,5994,Madrid,UK,Online
31-07-2019,5525,Madrid,Germany,Walk-in
01-08-2019,6661,Madrid,USA,Online
02-08-2019,6158,Madrid,USA,Agency
03-08-2019,4826,Madrid,Germany,Agency
04-08-2019,9717,Madrid,France,Agency
05-08-2019,7146,Madrid,Germany,Online
06-08-2019,6235,Madrid,Italy,Online
07-08-2019,5284,Madrid,Italy,Walk-in
08-08-2019,7493,Madrid,Germany,Agency
09-08-2019,4892,Madrid,Germany,Walk-in
10-08-2019,4775,Madrid,USA,Online
11-08-2019,8632,Madrid,USA,Walk-in
12-08-2019,6147,Madrid,UK,Online
13-08-2019,4965,Madrid,UK,Agency
14-08-2019,6128,Madrid,Italy,Agency
15-08-2019,7404,Madrid,UK,Online
16-08-2019,7069,Madrid,UK,Online
17-08-2019,7608,Madrid,France,Online
18-08-2019,4281,Madrid,Germany,Agency
19-08-2019,7588,Madrid,USA,Online
20-08-2019,5904,Madrid,UK,Agency
21-08-2019,6315,Madrid,USA,Walk-in
22-08-2019,8005,Madrid,UK,Agency
23-08-2019,7253,Madrid,UK,Walk-in
24-08-2019,6734,Madrid,Italy,Agency
25-08-2019,3240,Madrid,France,Agency
26-08-2019,6156,Madrid,Germany,Online
27-08-2019,5056,Madrid,Germany,Agency
28-08-2019,7308,Madrid,Italy,Online
29-08-2019,7736,Madrid,Italy,Online
30-08-2019,5805,Madrid,Germany,Online
31-08-2019,5265,Madrid,Germany,Agency
01-09-2019,8608,Madrid,France,Online
02-09-2019,5377,Madrid,UK,Walk-in
03-09-2019,4498,Madrid,France,Walk-in
04-09-2019,5049,Madrid,Germany,Agency
05-09-2019,5473,Madrid,UK,Online
06-09-2019,5022,Madrid,Germany,Walk-in
07-09-2019,7590,Madrid,France,Agency
08-09-2019,3032,Madrid,France,Agency
09-09-2019,5013,Madrid,France,Agency
10-09-2019,6273,Madrid,UK,Agency
11-09-2019,6667,Madrid,USA,Agency
12-09-2019,8897,Madrid,USA,Online
13-09-2019,8685,Madrid,Germany,Online
14-09-2019,3973,Madrid,UK,Online
15-09-2019,3519,Madrid,Italy,Online
16-09-2019,6426,Madrid,USA,Agency
17-09-2019,5386,Madrid,UK,Agency
18-09-2019,4615,Madrid,UK,Walk-in
19-09-2019,6434,Madrid,USA,Walk-in
20-09-2019,6763,Madrid,UK,Online
21-09-2019,5165,Madrid,UK,Agency
22-09-2019,5495,Madrid,USA,Walk-in
23-09-2019,5294,Madrid,France,Walk-in
24-09-2019,5827,Madrid,Germany,Walk-in
25-09-2019,7263,Madrid,Italy,Walk-in
26-09-2019,4841,Madrid,Germany,Online
27-09-2019,5503,Madrid,France,Agency
28-09-2019,5872,Madrid,France,Online
29-09-2019,6467,Madrid,UK,Walk-in
30-09-2019,6897,Madrid,Germany,Walk-in
01-10-2019,9553,Madrid,France,Agency
02-10-2019,7354,Madrid,Germany,Agency
03-10-2019,7396,Madrid,France,Online
04-10-2019,6108,Madrid,Italy,Agency
05-10-2019,5045,Madrid,France,Online
06-10-2019,5728,Madrid,Germany,Online
07-10-2019,5461,Madrid,UK,Walk-in
08-10-2019,7121,Madrid,Germany,Online
09-10-2019,4061,Madrid,USA,Walk-in
10-10-2019,7433,Madrid,Germany,Online
11-10-2019,6374,Madrid,Italy,Online
12-10-2019,7655,Madrid,Italy,Agency
13-10-2019,5475,Madrid,Italy,Agency
14-10-2019,5215,Madrid,France,Walk-in
15-10-2019,5962,Madrid,Italy,Agency
16-10-2019,5932,Madrid,Germany,Online
17-10-2019,7792,Madrid,UK,Walk-in
18-10-2019,7783,Madrid,Italy,Walk-in
19-10-2019,9451,Madrid,Germany,Walk-in
20-10-2019,5855,Madrid,France,Online
21-10-2019,1582,Madrid,France,Agency
22-10-2019,5995,Madrid,UK,Walk-in
23-10-2019,6960,Madrid,UK,Online
24-10-2019,7691,Madrid,Germany,Agency
25-10-2019,7079,Madrid,UK,Agency
26-10-2019,5884,Madrid,UK,Walk-in
27-10-2019,9205,Madrid,France,Online
28-10-2019,5087,Madrid,Germany,Agency
29-10-2019,6231,Madrid,UK,Online
30-10-2019,5027,Madrid,Germany,Agency
31-10-2019,6681,Madrid,Italy,Walk-in
01-11-2019,9040,Madrid,France,Walk-in
02-11-2019,6449,Madrid,France,Agency
03-11-2019,6463,Madrid,France,Online
04-11-2019,4125,Madrid,USA,Agency
05-11-2019,6243,Madrid,Germany,Online
06-11-2019,8403,Madrid,Italy,Agency
07-11-2019,6306,Madrid,UK,Walk-in
08-11-2019,6209,Madrid,Italy,Online
09-11-2019,8348,Madrid,Germany,Walk-in
10-11-2019,6223,Madrid,France,Online
11-11-2019,8636,Madrid,USA,Agency
12-11-2019,4775,Madrid,Germany,Walk-in
13-11-2019,7722,Madrid,Germany,Walk-in
14-11-2019,9178,Madrid,UK,Online
15-11-2019,8224,Madrid,Italy,Online
16-11-2019,3915,Madrid,Italy,Online
17-11-2019,5762,Madrid,UK,Walk-in
18-11-2019,6360,Madrid,USA,Agency
19-11-2019,8241,Madrid,France,Online
20-11-2019,4732,Madrid,France,Agency
21-11-2019,5205,Madrid,USA,Online
22-11-2019,4329,Madrid,UK,Agency
23-11-2019,5501,Madrid,Germany,Online
24-11-2019,4865,Madrid,Italy,Agency
25-11-2019,9143,Madrid,Germany,Walk-in
26-11-2019,5778,Madrid,Italy,Online
27-11-2019,7788,Madrid,Germany,Online
28-11-2019,6781,Madrid,UK,Walk-in
29-11-2019,6763,Madrid,UK,Online
30-11-2019,5873,Madrid,USA,Online
01-12-2019,7918,Madrid,Germany,Walk-in
02-12-2019,6997,Madrid,Germany,Walk-in
03-12-2019,6913,Madrid,USA,Agency
04-12-2019,5880,Madrid,USA,Walk-in
05-12-2019,6128,Madrid,UK,Walk-in
06-12-2019,7659,Madrid,UK,Online
07-12-2019,7123,Madrid,Germany,Walk-in
08-12-2019,6965,Madrid,UK,Online
09-12-2019,5651,Madrid,UK,Walk-in
10-12-2019,9701,Madrid,Germany,Walk-in
11-12-2019,6067,Madrid,USA,Agency
12-12-2019,6743,Madrid,Germany,Walk-in
13-12-2019,6510,Madrid,France,Walk-in
14-12-2019,9725,Madrid,Germany,Online
15-12-2019,6358,Madrid,France,Online
16-12-2019,6223,Madrid,Germany,Agency
17-12-2019,6976,Madrid,France,Walk-in
18-12-2019,5760,Madrid,France,Online
19-12-2019,6969,Madrid,Germany,Walk-in
20-12-2019,10361,Madrid,UK,Agency
21-12-2019,7254,Madrid,Italy,Online
22-12-2019,7201,Madrid,UK,Online
23-12-2019,5731,Madrid,France,Agency
24-12-2019,9373,Madrid,Germany,Walk-in
25-12-2019,9719,Madrid,Germany,Online
26-12-2019,8091,Madrid,Germany,Online
27-12-2019,7794,Madrid,Germany,Agency
28-12-2019,6462,Madrid,Italy,Agency
29-12-2019,7402,Madrid,USA,Agency
30-12-2019,5563,Madrid,France,Walk-in
31-12-2019,5128,Madrid,Italy,Walk-in
01-01-2020,4587,Madrid,UK,Walk-in
02-01-2020,7435,Madrid,USA,Agency
03-01-2020,4752,Madrid,USA,Online
04-01-2020,6071,Madrid,Germany,Walk-in
05-01-2020,6729,Madrid,Italy,Agency
06-01-2020,8315,Madrid,UK,Walk-in
07-01-2020,5955,Madrid,Germany,Online
08-01-2020,8493,Madrid,Germany,Online
09-01-2020,8232,Madrid,France,Agency
10-01-2020,5217,Madrid,USA,Online
11-01-2020,8509,Madrid,UK,Agency
12-01-2020,6400,Madrid,USA,Agency
13-01-2020,6077,Madrid,Italy,Agency
14-01-2020,6406,Madrid,France,Agency
15-01-2020,6820,Madrid,Germany,Online
16-01-2020,6203,Madrid,France,Online
17-01-2020,5566,Madrid,Germany,Online
18-01-2020,5699,Madrid,France,Online
19-01-2020,7034,Madrid,Germany,Agency
20-01-2020,6585,Madrid,USA,Agency
21-01-2020,7617,Madrid,USA,Online
22-01-2020,6904,Madrid,USA,Walk-in
23-01-2020,6941,Madrid,USA,Walk-in
24-01-2020,7714,Madrid,France,Walk-in
25-01-2020,8953,Madrid,Germany,Online
26-01-2020,9013,Madrid,USA,Agency
27-01-2020,8835,Madrid,France,Agency
28-01-2020,8129,Madrid,Germany,Walk-in
29-01-2020,9951,Madrid,France,Walk-in
30-01-2020,7479,Madrid,USA,Agency
31-01-2020,7310,Madrid,Italy,Walk-in
01-02-2020,10187,Madrid,France,Walk-in
02-02-2020,2731,Madrid,USA,Agency
03-02-2020,6499,Madrid,UK,Walk-in
04-02-2020,8698,Madrid,Germany,Walk-in
05-02-2020,8288,Madrid,USA,Online
06-02-2020,10665,Madrid,UK,Walk-in
07-02-2020,6977,Madrid,France,Online
08-02-2020,6169,Madrid,France,Agency
09-02-2020,6316,Madrid,UK,Online
10-02-2020,7290,Madrid,UK,Agency
11-02-2020,9244,Madrid,Germany,Online
12-02-2020,9262,Madrid,France,Online
13-02-2020,6725,Madrid,UK,Online
14-02-2020,7187,Madrid,Italy,Walk-in
15-02-2020,5889,Madrid,Italy,Walk-in
16-02-2020,6044,Madrid,UK,Walk-in
17-02-2020,8373,Madrid,Germany,Walk-in
18-02-2020,9205,Madrid,France,Walk-in
19-02-2020,5755,Madrid,Italy,Online
20-02-2020,7163,Madrid,UK,Walk-in
21-02-2020,6433,Madrid,UK,Agency
22-02-2020,8092,Madrid,USA,Online
23-02-2020,6211,Madrid,UK,Online
24-02-2020,3903,Madrid,Germany,Agency
25-02-2020,8296,Madrid,Italy,Walk-in
26-02-2020,6333,Madrid,USA,Agency
27-02-2020,6488,Madrid,Italy,Online
28-02-2020,7438,Madrid,Italy,Online
29-02-2020,7312,Madrid,Germany,Online
01-03-2020,7465,Madrid,UK,Agency
02-03-2020,4334,Madrid,Germany,Walk-in
03-03-2020,7611,Madrid,UK,Online
04-03-2020,3911,Madrid,USA,Walk-in
05-03-2020,7927,Madrid,Germany,Online
06-03-2020,8447,Madrid,Germany,Walk-in
07-03-2020,4715,Madrid,France,Agency
08-03-2020,7258,Madrid,Germany,Online
09-03-2020,8349,Madrid,France,Online
10-03-2020,6087,Madrid,UK,Online
11-03-2020,7769,Madrid,UK,Agency
12-03-2020,2577,Madrid,UK,Agency
13-03-2020,8400,Madrid,France,Walk-in
14-03-2020,6795,Madrid,UK,Agency
15-03-2020,6361,Madrid,Italy,Online
16-03-2020,8221,Madrid,Germany,Walk-in
17-03-2020,9336,Madrid,France,Agency
18-03-2020,7468,Madrid,UK,Walk-in
19-03-2020,9150,Madrid,Italy,Walk-in
20-03-2020,4404,Madrid,Germany,Walk-in
21-03-2020,7730,Madrid,Germany,Online
22-03-2020,6530,Madrid,UK,Online
23-03-2020,5543,Madrid,Italy,Agency
24-03-2020,3829,Madrid,France,Online
25-03-2020,7637,Madrid,UK,Walk-in
26-03-2020,8029,Madrid,Germany,Walk-in
27-03-2020,8726,Madrid,Germany,Online
28-03-2020,8475,Madrid,Germany,Walk-in
29-03-2020,5549,Madrid,UK,Online
30-03-2020,8640,Madrid,USA,Walk-in
31-03-2020,8795,Madrid,USA,Agency
01-04-2020,6307,Madrid,USA,Agency
02-04-2020,6737,Madrid,Italy,Online
03-04-2020,5289,Madrid,UK,Online
04-04-2020,8909,Madrid,Germany,Online
05-04-2020,4416,Madrid,Italy,Online
06-04-2020,7483,Madrid,USA,Online
07-04-2020,5782,Madrid,France,Walk-in
08-04-2020,5012,Madrid,Italy,Agency
09-04-2020,3858,Madrid,Italy,Walk-in
10-04-2020,6343,Madrid,UK,Agency
11-04-2020,4766,Madrid,Italy,Walk-in
12-04-2020,6744,Madrid,UK,Walk-in
13-04-2020,9309,Madrid,France,Walk-in
14-04-2020,6951,Madrid,Germany,Online
15-04-2020,9644,Madrid,Germany,Agency
16-04-2020,5171,Madrid,USA,Online
17-04-2020,4719,Madrid,USA,Online
18-04-2020,5096,Madrid,France,Walk-in
19-04-2020,6535,Madrid,Germany,Agency
20-04-2020,10713,Madrid,USA,Agency
21-04-2020,4131,Madrid,Italy,Agency
22-04-2020,7550,Madrid,UK,Agency
23-04-2020,5567,Madrid,USA,Online
24-04-2020,6277,Madrid,France,Online
25-04-2020,4722,Madrid,Germany,Agency
26-04-2020,7923,Madrid,France,Online
27-04-2020,6534,Madrid,UK,Agency
28-04-2020,8227,Madrid,UK,Online
29-04-2020,6855,Madrid,France,Walk-in
30-04-2020,3690,Madrid,USA,Walk-in
01-05-2020,8228,Madrid,USA,Agency
02-05-2020,3560,Madrid,Germany,Agency
03-05-2020,3770,Madrid,Germany,Online
04-05-2020,5195,Madrid,Italy,Agency
05-05-2020,5211,Madrid,Italy,Agency
06-05-2020,8656,Madrid,Germany,Online
07-05-2020,6301,Madrid,Italy,Agency
08-05-2020,8424,Madrid,France,Agency
09-05-2020,5697,Madrid,USA,Walk-in
10-05-2020,7021,Madrid,Italy,Walk-in
11-05-2020,7251,Madrid,Italy,Walk-in
12-05-2020,7579,Madrid,France,Agency
13-05-2020,5833,Madrid,UK,Online
14-05-2020,5959,Madrid,Germany,Walk-in
15-05-2020,6074,Madrid,France,Agency
16-05-2020,4038,Madrid,UK,Walk-in
17-05-2020,6386,Madrid,France,Online
18-05-2020,5932,Madrid,USA,Online
19-05-2020,7373,Madrid,France,Online
20-05-2020,6635,Madrid,France,Online
21-05-2020,8498,Madrid,USA,Online
22-05-2020,6594,Madrid,Germany,Online
23-05-2020,5641,Madrid,UK,Agency
24-05-2020,6566,Madrid,Italy,Walk-in
25-05-2020,7561,Madrid,Germany,Online
26-05-2020,3810,Madrid,France,Walk-in
27-05-2020,5392,Madrid,Italy,Walk-in
28-05-2020,5418,Madrid,USA,Agency
29-05-2020,7071,Madrid,Germany,Online
30-05-2020,7241,Madrid,UK,Online
31-05-2020,6597,Madrid,Germany,Agency
01-06-2020,2722,Madrid,Germany,Agency
02-06-2020,3957,Madrid,Italy,Agency
03-06-2020,6072,Madrid,USA,Agency
04-06-2020,5673,Madrid,USA,Agency
05-06-2020,6428,Madrid,Germany,Walk-in
06-06-2020,5711,Madrid,USA,Agency
07-06-2020,8707,Madrid,Italy,Online
08-06-2020,2964,Madrid,Italy,Online
09-06-2020,6854,Madrid,UK,Agency
10-06-2020,7637,Madrid,USA,Agency
11-06-2020,7442,Madrid,UK,Agency
12-06-2020,7565,Madrid,France,Agency
13-06-2020,7776,Madrid,Italy,Agency
14-06-2020,5468,Madrid,Germany,Online
15-06-2020,4717,Madrid,Italy,Walk-in
16-06-2020,3312,Madrid,France,Agency
17-06-2020,5815,Madrid,Germany,Agency
18-06-2020,5187,Madrid,USA,Agency
19-06-2020,8091,Madrid,USA,Online
20-06-2020,5912,Madrid,Italy,Online
21-06-2020,4792,Madrid,Germany,Walk-in
22-06-2020,4550,Madrid,Germany,Walk-in
23-06-2020,9310,Madrid,UK,Walk-in
24-06-2020,6289,Madrid,France,Walk-in
25-06-2020,5144,Madrid,USA,Online
26-06-2020,6497,Madrid,Italy,Walk-in
27-06-2020,9151,Madrid,Germany,Agency
28-06-2020,5716,Madrid,USA,Online
29-06-2020,7326,Madrid,Italy,Online
30-06-2020,8069,Madrid,USA,Online
01-07-2020,3447,Madrid,Italy,Agency
02-07-2020,5321,Madrid,USA,Online
03-07-2020,7865,Madrid,UK,Agency
04-07-2020,5219,Madrid,France,Walk-in
05-07-2020,6885,Madrid,USA,Online
06-07-2020,5120,Madrid,France,Agency
07-07-2020,5584,Madrid,USA,Online
08-07-2020,5396,Madrid,Germany,Walk-in
09-07-2020,7196,Madrid,UK,Online
10-07-2020,6538,Madrid,UK,Walk-in
11-07-2020,6379,Madrid,France,Online
12-07-2020,9986,Madrid,Germany,Agency
13-07-2020,8829,Madrid,Italy,Walk-in
14-07-2020,3242,Madrid,UK,Online
15-07-2020,5543,Madrid,Germany,Walk-in
16-07-2020,9843,Madrid,Germany,Walk-in
17-07-2020,5336,Madrid,France,Agency
18-07-2020,9324,Madrid,Germany,Agency
19-07-2020,5547,Madrid,Germany,Agency
20-07-2020,5830,Madrid,Italy,Agency
21-07-2020,7471,Madrid,France,Walk-in
22-07-2020,6035,Madrid,France,Walk-in
23-07-2020,6907,Madrid,Germany,Online
24-07-2020,8522,Madrid,Italy,Online
25-07-2020,7292,Madrid,USA,Online
26-07-2020,6361,Madrid,UK,Agency
27-07-2020,8653,Madrid,France,Walk-in
28-07-2020,7453,Madrid,Italy,Walk-in
29-07-2020,5032,Madrid,Italy,Online
30-07-2020,9097,Madrid,Germany,Online
31-07-2020,7085,Madrid,UK,Walk-in
01-08-2020,5795,Madrid,France,Agency
02-08-2020,3079,Madrid,USA,Online
03-08-2020,4038,Madrid,Germany,Online
04-08-2020,8649,Madrid,France,Walk-in
05-08-2020,8703,Madrid,France,Walk-in
06-08-2020,6216,Madrid,Italy,Online
07-08-2020,3427,Madrid,UK,Online
08-08-2020,4447,Madrid,USA,Agency
09-08-2020,3636,Madrid,UK,Agency
10-08-2020,3576,Madrid,Italy,Agency
11-08-2020,9101,Madrid,USA,Agency
12-08-2020,9145,Madrid,USA,Online
13-08-2020,4369,Madrid,Germany,Online
14-08-2020,6032,Madrid,USA,Online
15-08-2020,4112,Madrid,France,Agency
16-08-2020,6011,Madrid,UK,Online
17-08-2020,8487,Madrid,UK,Walk-in
18-08-2020,7641,Madrid,Germany,Agency
19-08-2020,7231,Madrid,USA,Walk-in
20-08-2020,5721,Madrid,Italy,Agency
21-08-2020,7900,Madrid,France,Online
22-08-2020,6971,Madrid,Germany,Agency
23-08-2020,6602,Madrid,USA,Walk-in
24-08-2020,5818,Madrid,Italy,Agency
25-08-2020,6463,Madrid,USA,Walk-in
26-08-2020,6412,Madrid,Germany,Online
27-08-2020,5163,Madrid,Italy,Walk-in
28-08-2020,4807,Madrid,Italy,Online
29-08-2020,4469,Madrid,Italy,Walk-in
30-08-2020,4559,Madrid,Italy,Online
31-08-2020,5671,Madrid,USA,Walk-in
01-09-2020,5419,Madrid,Italy,Online
02-09-2020,5012,Madrid,USA,Online
03-09-2020,4895,Madrid,Italy,Online
04-09-2020,6370,Madrid,Italy,Walk-in
05-09-2020,7994,Madrid,Germany,Walk-in
06-09-2020,5906,Madrid,USA,Online
07-09-2020,5802,Madrid,USA,Agency
08-09-2020,4509,Madrid,UK,Online
09-09-2020,5572,Madrid,Germany,Agency
10-09-2020,7687,Madrid,USA,Online
11-09-2020,7452,Madrid,Germany,Walk-in
12-09-2020,7343,Madrid,Germany,Agency
13-09-2020,7290,Madrid,Germany,Walk-in
14-09-2020,6536,Madrid,France,Agency
15-09-2020,6477,Madrid,USA,Agency
16-09-2020,6238,Madrid,Germany,Agency
17-09-2020,5240,Madrid,France,Agency
18-09-2020,5986,Madrid,France,Walk-in
19-09-2020,6179,Madrid,Italy,Agency
20-09-2020,6800,Madrid,Italy,Online
21-09-2020,5996,Madrid,USA,Online
22-09-2020,8998,Madrid,Italy,Agency
23-09-2020,4021,Madrid,USA,Walk-in
24-09-2020,6962,Madrid,France,Walk-in
25-09-2020,5764,Madrid,France,Agency
26-09-2020,5824,Madrid,USA,Walk-in
27-09-2020,4597,Madrid,Italy,Walk-in
28-09-2020,7340,Madrid,Italy,Walk-in
29-09-2020,6786,Madrid,USA,Agency
30-09-2020,7052,Madrid,UK,Online
01-10-2020,6051,Madrid,Italy,Online
02-10-2020,5305,Madrid,Germany,Online
03-10-2020,5687,Madrid,Italy,Online
04-10-2020,6433,Madrid,UK,Online
05-10-2020,2769,Madrid,France,Walk-in
06-10-2020,7083,Madrid,France,Walk-in
07-10-2020,9408,Madrid,France,Walk-in
08-10-2020,6484,Madrid,Italy,Agency
09-10-2020,5338,Madrid,France,Walk-in
10-10-2020,5513,Madrid,UK,Online
11-10-2020,6811,Madrid,UK,Walk-in
12-10-2020,5358,Madrid,Italy,Online
13-10-2020,7044,Madrid,Germany,Walk-in
14-10-2020,5475,Madrid,Italy,Online
15-10-2020,8303,Madrid,France,Walk-in
16-10-2020,8258,Madrid,Italy,Online
17-10-2020,5228,Madrid,UK,Online
18-10-2020,5597,Madrid,Italy,Agency
19-10-2020,5681,Madrid,Italy,Walk-in
20-10-2020,5697,Madrid,Germany,Online
21-10-2020,4285,Madrid,UK,Walk-in
22-10-2020,4071,Madrid,USA,Online
23-10-2020,7572,Madrid,USA,Agency
24-10-2020,7328,Madrid,UK,Agency
25-10-2020,7298,Madrid,USA,Agency
26-10-2020,5581,Madrid,France,Agency
27-10-2020,8519,Madrid,USA,Online
28-10-2020,5643,Madrid,France,Walk-in
29-10-2020,6967,Madrid,UK,Agency
30-10-2020,3585,Madrid,USA,Agency
31-10-2020,5320,Madrid,USA,Agency
01-11-2020,5427,Madrid,France,Walk-in
02-11-2020,5558,Madrid,France,Online
03-11-2020,3664,Madrid,Italy,Online
04-11-2020,6704,Madrid,Germany,Online
05-11-2020,7188,Madrid,USA,Online
06-11-2020,4525,Madrid,Germany,Walk-in
07-11-2020,3916,Madrid,Germany,Walk-in
08-11-2020,4480,Madrid,USA,Walk-in
09-11-2020,6373,Madrid,France,Agency
10-11-2020,4731,Madrid,Italy,Walk-in
11-11-2020,5421,Madrid,UK,Online
12-11-2020,4008,Madrid,USA,Walk-in
13-11-2020,8584,Madrid,USA,Agency
14-11-2020,5721,Madrid,UK,Online
15-11-2020,7332,Madrid,Germany,Walk-in
16-11-2020,6344,Madrid,Italy,Online
17-11-2020,5538,Madrid,Germany,Online
18-11-2020,5457,Madrid,UK,Walk-in
19-11-2020,4506,Madrid,UK,Walk-in
20-11-2020,4915,Madrid,Italy,Agency
21-11-2020,4075,Madrid,UK,Walk-in
22-11-2020,3909,Madrid,UK,Walk-in
23-11-2020,8710,Madrid,Italy,Walk-in
24-11-2020,5996,Madrid,USA,Online
25-11-2020,7773,Madrid,Germany,Agency
26-11-2020,4380,Madrid,USA,Online
27-11-2020,3691,Madrid,USA,Walk-in
28-11-2020,4098,Madrid,Germany,Agency
29-11-2020,4929,Madrid,USA,Walk-in
30-11-2020,5614,Madrid,Italy,Online
01-12-2020,5329,Madrid,Germany,Online
02-12-2020,4393,Madrid,France,Walk-in
03-12-2020,5682,Madrid,USA,Agency
04-12-2020,5810,Madrid,UK,Online
05-12-2020,6598,Madrid,Germany,Walk-in
06-12-2020,7747,Madrid,France,Walk-in
07-12-2020,4993,Madrid,UK,Walk-in
08-12-2020,7359,Madrid,France,Agency
09-12-2020,5632,Madrid,USA,Walk-in
10-12-2020,3240,Madrid,UK,Walk-in
11-12-2020,8203,Madrid,USA,Online
12-12-2020,8935,Madrid,UK,Walk-in
13-12-2020,6452,Madrid,Germany,Agency
14-12-2020,5656,Madrid,Italy,Walk-in
15-12-2020,5111,Madrid,Italy,Agency
16-12-2020,4820,Madrid,France,Walk-in
17-12-2020,7330,Madrid,UK,Walk-in
18-12-2020,5486,Madrid,USA,Walk-in
19-12-2020,8020,Madrid,Germany,Agency
20-12-2020,5559,Madrid,Germany,Online
21-12-2020,4886,Madrid,Germany,Agency
22-12-2020,4601,Madrid,Italy,Online
23-12-2020,4385,Madrid,USA,Agency
24-12-2020,6270,Madrid,Germany,Walk-in
25-12-2020,3555,Madrid,Germany,Walk-in
26-12-2020,4267,Madrid,France,Online
27-12-2020,7480,Madrid,UK,Online
28-12-2020,4059,Madrid,UK,Agency
29-12-2020,6783,Madrid,UK,Agency
30-12-2020,2393,Madrid,France,Online
31-12-2020,7661,Madrid,Italy,Online
01-01-2021,3579,Madrid,France,Agency
02-01-2021,4168,Madrid,Germany,Online
03-01-2021,6502,Madrid,USA,Online
04-01-2021,5885,Madrid,Germany,Online
05-01-2021,6821,Madrid,Germany,Online
06-01-2021,3559,Madrid,USA,Walk-in
07-01-2021,5045,Madrid,UK,Walk-in
08-01-2021,4548,Madrid,France,Online
09-01-2021,3807,Madrid,Italy,Agency
10-01-2021,6365,Madrid,Germany,Walk-in
11-01-2021,6885,Madrid,Germany,Agency
12-01-2021,4964,Madrid,Italy,Agency
13-01-2021,7752,Madrid,France,Walk-in
14-01-2021,4288,Madrid,Germany,Agency
15-01-2021,7714,Madrid,Italy,Agency
16-01-2021,6308,Madrid,Germany,Online
17-01-2021,3629,Madrid,UK,Online
18-01-2021,8435,Madrid,UK,Online
19-01-2021,4796,Madrid,Germany,Walk-in
20-01-2021,7269,Madrid,Germany,Online
21-01-2021,5679,Madrid,UK,Agency
22-01-2021,6022,Madrid,Germany,Agency
23-01-2021,6811,Madrid,France,Agency
24-01-2021,6728,Madrid,France,Agency
25-01-2021,4945,Madrid,USA,Agency
26-01-2021,6256,Madrid,France,Walk-in
27-01-2021,6143,Madrid,Germany,Agency
28-01-2021,5778,Madrid,Germany,Walk-in
29-01-2021,5152,Madrid,Italy,Agency
30-01-2021,5774,Madrid,France,Walk-in
31-01-2021,8408,Madrid,UK,Walk-in
01-02-2021,5014,Madrid,UK,Agency
02-02-2021,7266,Madrid,USA,Agency
03-02-2021,4527,Madrid,Italy,Agency
04-02-2021,4134,Madrid,UK,Agency
05-02-2021,10371,Madrid,USA,Online
06-02-2021,6266,Madrid,France,Online
07-02-2021,6308,Madrid,Italy,Walk-in
08-02-2021,6350,Madrid,Italy,Walk-in
09-02-2021,7568,Madrid,Germany,Online
10-02-2021,6069,Madrid,France,Walk-in
11-02-2021,6682,Madrid,Italy,Agency
12-02-2021,3870,Madrid,USA,Walk-in
13-02-2021,6935,Madrid,UK,Walk-in
14-02-2021,5104,Madrid,France,Walk-in
15-02-2021,6467,Madrid,France,Online
16-02-2021,2888,Madrid,Italy,Online
17-02-2021,6406,Madrid,Italy,Walk-in
18-02-2021,2099,Madrid,Italy,Agency
19-02-2021,5049,Madrid,USA,Walk-in
20-02-2021,2905,Madrid,Germany,Online
21-02-2021,6414,Madrid,Italy,Agency
22-02-2021,5569,Madrid,Germany,Walk-in
23-02-2021,4310,Madrid,Germany,Online
24-02-2021,7619,Madrid,France,Agency
25-02-2021,4124,Madrid,UK,Walk-in
26-02-2021,923,Madrid,UK,Online
27-02-2021,6241,Madrid,USA,Agency
28-02-2021,2822,Madrid,USA,Walk-in
01-03-2021,4176,Madrid,UK,Agency
02-03-2021,4699,Madrid,UK,Agency
03-03-2021,3341,Madrid,France,Agency
04-03-2021,4737,Madrid,France,Online
05-03-2021,3372,Madrid,UK,Walk-in
06-03-2021,5725,Madrid,Italy,Agency
07-03-2021,3640,Madrid,Italy,Agency
08-03-2021,5530,Madrid,France,Agency
09-03-2021,7229,Madrid,Germany,Online
10-03-2021,6662,Madrid,UK,Agency
11-03-2021,5368,Madrid,USA,Online
12-03-2021,4009,Madrid,Italy,Online
13-03-2021,5733,Madrid,Germany,Agency
14-03-2021,4453,Madrid,Italy,Agency
15-03-2021,5800,Madrid,Germany,Online
16-03-2021,2928,Madrid,UK,Online
17-03-2021,6714,Madrid,UK,Agency
18-03-2021,5555,Madrid,UK,Online
19-03-2021,8820,Madrid,France,Online
20-03-2021,7469,Madrid,Germany,Agency
21-03-2021,6362,Madrid,USA,Agency
22-03-2021,5329,Madrid,USA,Walk-in
23-03-2021,4423,Madrid,UK,Agency
24-03-2021,6934,Madrid,USA,Agency
25-03-2021,5179,Madrid,Italy,Agency
26-03-2021,7278,Madrid,Germany,Walk-in
27-03-2021,6130,Madrid,Germany,Online
28-03-2021,6143,Madrid,Germany,Agency
29-03-2021,6426,Madrid,Italy,Agency
30-03-2021,4158,Madrid,France,Walk-in
31-03-2021,4007,Madrid,Italy,Walk-in
01-04-2021,3959,Madrid,Germany,Walk-in
02-04-2021,7118,Madrid,Germany,Online
03-04-2021,4131,Madrid,Germany,Walk-in
04-04-2021,4322,Madrid,USA,Online
05-04-2021,6363,Madrid,France,Agency
06-04-2021,5182,Madrid,Italy,Agency
07-04-2021,4994,Madrid,Germany,Agency
08-04-2021,4867,Madrid,UK,Walk-in
09-04-2021,2082,Madrid,France,Agency
10-04-2021,4124,Madrid,UK,Walk-in
11-04-2021,7350,Madrid,France,Online
12-04-2021,4773,Madrid,Germany,Agency
13-04-2021,2735,Madrid,France,Online
14-04-2021,4078,Madrid,France,Walk-in
15-04-2021,6133,Madrid,Germany,Walk-in
16-04-2021,6108,Madrid,UK,Agency
17-04-2021,5160,Madrid,UK,Agency
18-04-2021,4572,Madrid,USA,Walk-in
19-04-2021,3507,Madrid,UK,Agency
20-04-2021,6167,Madrid,UK,Agency
21-04-2021,6875,Madrid,France,Online
22-04-2021,7556,Madrid,USA,Walk-in
23-04-2021,3961,Madrid,Germany,Online
24-04-2021,7680,Madrid,Germany,Agency
25-04-2021,5551,Madrid,Italy,Online
26-04-2021,5681,Madrid,USA,Walk-in
27-04-2021,6986,Madrid,France,Online
28-04-2021,4839,Madrid,Italy,Online
29-04-2021,2409,Madrid,Italy,Agency
30-04-2021,6717,Madrid,Germany,Walk-in
01-05-2021,6188,Madrid,UK,Agency
02-05-2021,5130,Madrid,France,Agency
03-05-2021,6609,Madrid,USA,Walk-in
04-05-2021,6920,Madrid,Italy,Online
05-05-2021,3417,Madrid,France,Agency
06-05-2021,5724,Madrid,Germany,Online
07-05-2021,2279,Madrid,Italy,Walk-in
08-05-2021,5515,Madrid,Italy,Agency
09-05-2021,5147,Madrid,Germany,Online
10-05-2021,6450,Madrid,Germany,Online
11-05-2021,4108,Madrid,Germany,Agency
12-05-2021,5091,Madrid,France,Walk-in
13-05-2021,904,Madrid,France,Online
14-05-2021,6570,Madrid,France,Walk-in
15-05-2021,5607,Madrid,UK,Agency
16-05-2021,5877,Madrid,Italy,Online
17-05-2021,3512,Madrid,France,Online
18-05-2021,6355,Madrid,UK,Online
19-05-2021,8243,Madrid,Italy,Walk-in
20-05-2021,5492,Madrid,France,Online
21-05-2021,6751,Madrid,Germany,Online
22-05-2021,4476,Madrid,USA,Agency
23-05-2021,5673,Madrid,France,Online
24-05-2021,3497,Madrid,USA,Walk-in
25-05-2021,6983,Madrid,France,Agency
26-05-2021,6047,Madrid,Germany,Agency
27-05-2021,3985,Madrid,USA,Online
28-05-2021,4617,Madrid,UK,Agency
29-05-2021,5918,Madrid,Germany,Online
30-05-2021,7219,Madrid,USA,Agency
31-05-2021,8059,Madrid,USA,Walk-in
01-06-2021,5646,Madrid,Germany,Online
02-06-2021,3807,Madrid,Germany,Walk-in
03-06-2021,6218,Madrid,Germany,Online
04-06-2021,8545,Madrid,Italy,Walk-in
05-06-2021,3440,Madrid,UK,Walk-in
06-06-2021,4450,Madrid,France,Agency
07-06-2021,6805,Madrid,USA,Online
08-06-2021,6126,Madrid,France,Agency
09-06-2021,5086,Madrid,Germany,Walk-in
10-06-2021,6241,Madrid,UK,Online
11-06-2021,7384,Madrid,UK,Walk-in
12-06-2021,5778,Madrid,Italy,Walk-in
13-06-2021,5654,Madrid,Germany,Walk-in
14-06-2021,6824,Madrid,USA,Walk-in
15-06-2021,5542,Madrid,Italy,Agency
16-06-2021,7669,Madrid,Germany,Walk-in
17-06-2021,9003,Madrid,Italy,Agency
18-06-2021,4632,Madrid,France,Walk-in
19-06-2021,4104,Madrid,Germany,Online
20-06-2021,6544,Madrid,USA,Walk-in
21-06-2021,4066,Madrid,USA,Walk-in
22-06-2021,4049,Madrid,Germany,Online
23-06-2021,2937,Madrid,Italy,Online
24-06-2021,5445,Madrid,UK,Walk-in
25-06-2021,5978,Madrid,Germany,Walk-in
26-06-2021,5259,Madrid,USA,Agency
27-06-2021,8129,Madrid,France,Online
28-06-2021,8026,Madrid,USA,Online
29-06-2021,8954,Madrid,UK,Agency
30-06-2021,6139,Madrid,USA,Walk-in
01-07-2021,7853,Madrid,UK,Walk-in
02-07-2021,6549,Madrid,Germany,Online
03-07-2021,6407,Madrid,USA,Agency
04-07-2021,5402,Madrid,Italy,Walk-in
05-07-2021,2717,Madrid,Italy,Online
06-07-2021,7077,Madrid,USA,Walk-in
07-07-2021,7861,Madrid,USA,Walk-in
08-07-2021,3850,Madrid,France,Walk-in
09-07-2021,6133,Madrid,USA,Online
10-07-2021,7644,Madrid,France,Agency
11-07-2021,5627,Madrid,France,Agency
12-07-2021,7965,Madrid,France,Walk-in
13-07-2021,5974,Madrid,France,Agency
14-07-2021,5406,Madrid,Germany,Walk-in
15-07-2021,8078,Madrid,Italy,Online
16-07-2021,4812,Madrid,France,Online
17-07-2021,5134,Madrid,Italy,Online
18-07-2021,4888,Madrid,France,Walk-in
19-07-2021,4527,Madrid,Italy,Agency
20-07-2021,6480,Madrid,USA,Online
21-07-2021,5491,Madrid,USA,Walk-in
22-07-2021,7003,Madrid,Italy,Agency
23-07-2021,3677,Madrid,France,Agency
24-07-2021,4605,Madrid,Germany,Agency
25-07-2021,6377,Madrid,Italy,Walk-in
26-07-2021,8514,Madrid,UK,Walk-in
27-07-2021,6887,Madrid,Germany,Walk-in
28-07-2021,5445,Madrid,UK,Online
29-07-2021,4105,Madrid,Italy,Walk-in
30-07-2021,5378,Madrid,France,Online
31-07-2021,6296,Madrid,UK,Online
01-08-2021,2833,Madrid,Italy,Online
02-08-2021,4560,Madrid,Germany,Walk-in
03-08-2021,5284,Madrid,France,Online
04-08-2021,6015,Madrid,UK,Walk-in
05-08-2021,6330,Madrid,Italy,Walk-in
06-08-2021,5506,Madrid,France,Online
07-08-2021,7191,Madrid,France,Online
08-08-2021,6630,Madrid,USA,Online
09-08-2021,5899,Madrid,France,Walk-in
10-08-2021,7430,Madrid,Italy,Walk-in
11-08-2021,7318,Madrid,Germany,Online
12-08-2021,4306,Madrid,USA,Online
13-08-2021,6449,Madrid,Italy,Agency
14-08-2021,7844,Madrid,Italy,Online
15-08-2021,8105,Madrid,Italy,Agency
16-08-2021,7087,Madrid,UK,Agency
17-08-2021,6191,Madrid,UK,Walk-in
18-08-2021,7184,Madrid,Germany,Walk-in
19-08-2021,7775,Madrid,Italy,Agency
20-08-2021,6749,Madrid,UK,Agency
21-08-2021,6929,Madrid,UK,Online
22-08-2021,6223,Madrid,UK,Agency
23-08-2021,4604,Madrid,Germany,Online
24-08-2021,6359,Madrid,Germany,Walk-in
25-08-2021,5616,Madrid,Italy,Online
26-08-2021,5633,Madrid,USA,Walk-in
27-08-2021,8806,Madrid,Italy,Agency
28-08-2021,8094,Madrid,UK,Agency
29-08-2021,4138,Madrid,UK,Agency
30-08-2021,5063,Madrid,France,Online
31-08-2021,6157,Madrid,Italy,Walk-in
01-09-2021,5753,Madrid,UK,Walk-in
02-09-2021,7202,Madrid,UK,Walk-in
03-09-2021,4873,Madrid,USA,Walk-in
04-09-2021,8188,Madrid,France,Walk-in
05-09-2021,6696,Madrid,Italy,Online
06-09-2021,6263,Madrid,Germany,Walk-in
07-09-2021,6765,Madrid,Italy,Agency
08-09-2021,6172,Madrid,Italy,Walk-in
09-09-2021,3765,Madrid,USA,Agency
10-09-2021,6841,Madrid,Italy,Online
11-09-2021,6354,Madrid,USA,Online
12-09-2021,5416,Madrid,USA,Agency
13-09-2021,8506,Madrid,UK,Walk-in
14-09-2021,7877,Madrid,Germany,Online
15-09-2021,10543,Madrid,USA,Online
16-09-2021,8150,Madrid,France,Online
17-09-2021,5945,Madrid,France,Walk-in
18-09-2021,5564,Madrid,Germany,Agency
19-09-2021,6194,Madrid,USA,Agency
20-09-2021,5949,Madrid,Germany,Walk-in
21-09-2021,7124,Madrid,UK,Online
22-09-2021,4666,Madrid,France,Walk-in
23-09-2021,7958,Madrid,Italy,Walk-in
24-09-2021,7137,Madrid,France,Agency
25-09-2021,7812,Madrid,USA,Walk-in
26-09-2021,5310,Madrid,Germany,Walk-in
27-09-2021,7409,Madrid,France,Online
28-09-2021,9001,Madrid,Italy,Online
29-09-2021,5775,Madrid,Italy,Agency
30-09-2021,5747,Madrid,Germany,Online
01-10-2021,8160,Madrid,Germany,Walk-in
02-10-2021,5651,Madrid,France,Walk-in
03-10-2021,6768,Madrid,USA,Walk-in
04-10-2021,9345,Madrid,UK,Agency
05-10-2021,5835,Madrid,Italy,Online
06-10-2021,9475,Madrid,Germany,Walk-in
07-10-2021,6668,Madrid,UK,Online
08-10-2021,5504,Madrid,UK,Online
09-10-2021,8105,Madrid,UK,Online
10-10-2021,7374,Madrid,USA,Online
11-10-2021,7246,Madrid,Germany,Agency
12-10-2021,6087,Madrid,Italy,Agency
13-10-2021,7404,Madrid,Germany,Agency
14-10-2021,4166,Madrid,France,Walk-in
15-10-2021,7610,Madrid,Italy,Walk-in
16-10-2021,9241,Madrid,Germany,Walk-in
17-10-2021,4661,Madrid,Italy,Agency
18-10-2021,6713,Madrid,France,Online
19-10-2021,6025,Madrid,Italy,Agency
20-10-2021,5084,Madrid,UK,Walk-in
21-10-2021,4286,Madrid,USA,Walk-in
22-10-2021,5608,Madrid,France,Online
23-10-2021,7030,Madrid,Italy,Agency
24-10-2021,9131,Madrid,France,Online
25-10-2021,5137,Madrid,UK,Agency
26-10-2021,7877,Madrid,USA,Walk-in
27-10-2021,7779,Madrid,France,Online
28-10-2021,9972,Madrid,UK,Online
29-10-2021,8335,Madrid,UK,Agency
30-10-2021,8436,Madrid,UK,Agency
31-10-2021,8556,Madrid,Italy,Agency
01-11-2021,6135,Madrid,Germany,Walk-in
02-11-2021,6677,Madrid,France,Agency
03-11-2021,9226,Madrid,Germany,Walk-in
04-11-2021,4489,Madrid,UK,Agency
05-11-2021,6556,Madrid,Germany,Agency
06-11-2021,5598,Madrid,UK,Walk-in
07-11-2021,7960,Madrid,UK,Agency
08-11-2021,6991,Madrid,USA,Walk-in
09-11-2021,8577,Madrid,USA,Walk-in
10-11-2021,7490,Madrid,Germany,Agency
11-11-2021,5349,Madrid,France,Agency
12-11-2021,5433,Madrid,Germany,Online
13-11-2021,7689,Madrid,France,Agency
14-11-2021,6556,Madrid,Germany,Online
15-11-2021,6928,Madrid,Italy,Agency
16-11-2021,9150,Madrid,Italy,Walk-in
17-11-2021,8896,Madrid,France,Walk-in
18-11-2021,10469,Madrid,USA,Online
19-11-2021,7313,Madrid,France,Agency
20-11-2021,6841,Madrid,Germany,Online
21-11-2021,8445,Madrid,UK,Agency
22-11-2021,6991,Madrid,Italy,Agency
23-11-2021,7055,Madrid,UK,Walk-in
24-11-2021,7560,Madrid,Italy,Online
25-11-2021,10357,Madrid,Germany,Walk-in
26-11-2021,8949,Madrid,Italy,Walk-in
27-11-2021,9122,Madrid,France,Walk-in
28-11-2021,10335,Madrid,UK,Online
29-11-2021,9293,Madrid,UK,Agency
30-11-2021,6257,Madrid,Germany,Agency
01-12-2021,9301,Madrid,UK,Online
02-12-2021,9506,Madrid,Germany,Agency
03-12-2021,8978,Madrid,USA,Online
04-12-2021,7723,Madrid,France,Online
05-12-2021,8851,Madrid,Italy,Agency
06-12-2021,8016,Madrid,Italy,Walk-in
07-12-2021,6595,Madrid,Italy,Online
08-12-2021,6983,Madrid,USA,Online
09-12-2021,9149,Madrid,France,Online
10-12-2021,6750,Madrid,UK,Online
11-12-2021,6907,Madrid,UK,Agency
12-12-2021,9270,Madrid,France,Agency
13-12-2021,8356,Madrid,France,Online
14-12-2021,9037,Madrid,Italy,Walk-in
15-12-2021,6343,Madrid,UK,Agency
16-12-2021,9027,Madrid,France,Walk-in
17-12-2021,7228,Madrid,UK,Walk-in
18-12-2021,6709,Madrid,France,Online
19-12-2021,7492,Madrid,Germany,Agency
20-12-2021,10309,Madrid,Italy,Online
21-12-2021,7735,Madrid,France,Online
22-12-2021,11599,Madrid,USA,Walk-in
23-12-2021,5220,Madrid,France,Walk-in
24-12-2021,6010,Madrid,Germany,Walk-in
25-12-2021,10331,Madrid,USA,Online
26-12-2021,10724,Madrid,USA,Online
27-12-2021,7082,Madrid,France,Online
28-12-2021,8496,Madrid,Germany,Online
29-12-2021,9477,Madrid,USA,Online
30-12-2021,8081,Madrid,Italy,Online
31-12-2021,8665,Madrid,Italy,Online
01-01-2022,8473,Madrid,UK,Online
02-01-2022,6251,Madrid,UK,Agency
03-01-2022,7972,Madrid,Germany,Agency
04-01-2022,8523,Madrid,USA,Agency
05-01-2022,8676,Madrid,Italy,Agency
06-01-2022,5941,Madrid,Italy,Online
07-01-2022,9684,Madrid,Germany,Online
08-01-2022,8763,Madrid,USA,Walk-in
09-01-2022,7002,Madrid,Germany,Walk-in
10-01-2022,11300,Madrid,France,Agency
11-01-2022,8098,Madrid,Italy,Walk-in
12-01-2022,8211,Madrid,Germany,Agency
13-01-2022,9613,Madrid,Germany,Online
14-01-2022,11492,Madrid,France,Online
15-01-2022,9704,Madrid,UK,Walk-in
16-01-2022,9938,Madrid,Italy,Online
17-01-2022,7212,Madrid,Germany,Online
18-01-2022,8862,Madrid,Italy,Agency
19-01-2022,7949,Madrid,UK,Walk-in
20-01-2022,9820,Madrid,Germany,Online
21-01-2022,9975,Madrid,France,Walk-in
22-01-2022,11246,Madrid,Italy,Online
23-01-2022,5575,Madrid,France,Agency
24-01-2022,7883,Madrid,UK,Online
25-01-2022,10796,Madrid,UK,Walk-in
26-01-2022,6759,Madrid,Italy,Walk-in
27-01-2022,10086,Madrid,UK,Agency
28-01-2022,10595,Madrid,USA,Online
29-01-2022,8868,Madrid,Italy,Agency
30-01-2022,6795,Madrid,USA,Walk-in
31-01-2022,8761,Madrid,UK,Agency
01-02-2022,11148,Madrid,Italy,Online
02-02-2022,11284,Madrid,USA,Online
03-02-2022,9304,Madrid,UK,Agency
04-02-2022,7543,Madrid,Germany,Walk-in
05-02-2022,11633,Madrid,Germany,Walk-in
06-02-2022,10273,Madrid,France,Agency
07-02-2022,7691,Madrid,Germany,Online
08-02-2022,9588,Madrid,USA,Online
09-02-2022,9536,Madrid,Germany,Online
10-02-2022,8152,Madrid,Italy,Online
11-02-2022,9646,Madrid,Italy,Walk-in
12-02-2022,10799,Madrid,Italy,Online
13-02-2022,8712,Madrid,Germany,Agency
14-02-2022,10985,Madrid,Germany,Agency
15-02-2022,6556,Madrid,France,Agency
16-02-2022,12533,Madrid,UK,Agency
17-02-2022,9308,Madrid,France,Online
18-02-2022,10848,Madrid,USA,Walk-in
19-02-2022,9583,Madrid,Italy,Online
20-02-2022,8036,Madrid,Germany,Walk-in
21-02-2022,9233,Madrid,UK,Online
22-02-2022,6440,Madrid,UK,Walk-in
23-02-2022,10353,Madrid,Germany,Agency
24-02-2022,9628,Madrid,France,Agency
25-02-2022,9066,Madrid,UK,Walk-in
26-02-2022,10499,Madrid,France,Walk-in
27-02-2022,9443,Madrid,Germany,Walk-in
28-02-2022,10313,Madrid,France,Agency
01-03-2022,10863,Madrid,Italy,Agency
02-03-2022,8612,Madrid,Germany,Online
03-03-2022,8199,Madrid,Germany,Walk-in
04-03-2022,6885,Madrid,UK,Walk-in
05-03-2022,9669,Madrid,UK,Walk-in
06-03-2022,10180,Madrid,UK,Agency
07-03-2022,7532,Madrid,Italy,Walk-in
08-03-2022,11665,Madrid,Italy,Walk-in
09-03-2022,8317,Madrid,USA,Agency
10-03-2022,6412,Madrid,Germany,Walk-in
11-03-2022,11826,Madrid,UK,Online
12-03-2022,6640,Madrid,Germany,Agency
13-03-2022,11062,Madrid,France,Agency
14-03-2022,10714,Madrid,Italy,Agency
15-03-2022,10128,Madrid,USA,Online
16-03-2022,8881,Madrid,France,Agency
17-03-2022,10436,Madrid,Germany,Agency
18-03-2022,11271,Madrid,Italy,Agency
19-03-2022,8236,Madrid,UK,Agency
20-03-2022,11195,Madrid,France,Online
21-03-2022,11143,Madrid,Italy,Walk-in
22-03-2022,10203,Madrid,Germany,Walk-in
23-03-2022,8973,Madrid,Germany,Agency
24-03-2022,11199,Madrid,France,Online
25-03-2022,10575,Madrid,France,Agency
26-03-2022,8304,Madrid,France,Walk-in
27-03-2022,9294,Madrid,USA,Walk-in
28-03-2022,11089,Madrid,UK,Online
29-03-2022,10049,Madrid,Italy,Walk-in
30-03-2022,11522,Madrid,Germany,Agency
31-03-2022,9397,Madrid,Germany,Online
01-04-2022,8426,Madrid,UK,Walk-in
02-04-2022,13232,Madrid,France,Agency
03-04-2022,7437,Madrid,France,Online
04-04-2022,9224,Madrid,Germany,Agency
05-04-2022,10410,Madrid,UK,Walk-in
06-04-2022,11486,Madrid,Germany,Agency
07-04-2022,10992,Madrid,France,Online
08-04-2022,13506,Madrid,Italy,Agency
09-04-2022,9878,Madrid,France,Walk-in
10-04-2022,8761,Madrid,Italy,Online
11-04-2022,9757,Madrid,USA,Online
12-04-2022,9623,Madrid,UK,Walk-in
13-04-2022,10016,Madrid,USA,Agency
14-04-2022,8661,Madrid,France,Agency
15-04-2022,11327,Madrid,UK,Walk-in
16-04-2022,10723,Madrid,France,Online
17-04-2022,8287,Madrid,UK,Walk-in
18-04-2022,11651,Madrid,UK,Online
19-04-2022,8997,Madrid,France,Online
20-04-2022,8456,Madrid,France,Agency
21-04-2022,10377,Madrid,UK,Walk-in
22-04-2022,7625,Madrid,UK,Online
23-04-2022,11162,Madrid,France,Agency
24-04-2022,6036,Madrid,France,Walk-in
25-04-2022,8766,Madrid,Germany,Walk-in
26-04-2022,12688,Madrid,Germany,Online
27-04-2022,9311,Madrid,Germany,Online
28-04-2022,9590,Madrid,USA,Online
29-04-2022,12283,Madrid,UK,Walk-in
30-04-2022,9199,Madrid,Italy,Online
01-05-2022,11549,Madrid,USA,Walk-in
02-05-2022,12181,Madrid,UK,Agency
03-05-2022,11153,Madrid,Italy,Walk-in
04-05-2022,8284,Madrid,Germany,Online
05-05-2022,9561,Madrid,Italy,Walk-in
06-05-2022,14552,Madrid,France,Online
07-05-2022,9762,Madrid,France,Agency
08-05-2022,14993,Madrid,UK,Online
09-05-2022,13092,Madrid,USA,Online
10-05-2022,11323,Madrid,Germany,Online
11-05-2022,11005,Madrid,UK,Online
12-05-2022,9878,Madrid,Germany,Online
13-05-2022,10457,Madrid,France,Online
14-05-2022,9573,Madrid,USA,Agency
15-05-2022,10525,Madrid,USA,Agency
16-05-2022,8593,Madrid,France,Walk-in
17-05-2022,8528,Madrid,Italy,Online
18-05-2022,12618,Madrid,USA,Walk-in
19-05-2022,8264,Madrid,Italy,Agency
20-05-2022,12026,Madrid,Germany,Agency
21-05-2022,7871,Madrid,USA,Online
22-05-2022,11672,Madrid,France,Online
23-05-2022,10431,Madrid,Italy,Walk-in
24-05-2022,12740,Madrid,Germany,Agency
25-05-2022,10275,Madrid,Germany,Walk-in
26-05-2022,7773,Madrid,USA,Walk-in
27-05-2022,10521,Madrid,USA,Walk-in
28-05-2022,11057,Madrid,UK,Online
29-05-2022,10635,Madrid,UK,Agency
30-05-2022,11710,Madrid,USA,Walk-in
31-05-2022,10016,Madrid,UK,Agency
01-06-2022,8982,Madrid,France,Agency
02-06-2022,9393,Madrid,France,Walk-in
03-06-2022,10133,Madrid,UK,Walk-in
04-06-2022,10135,Madrid,USA,Online
05-06-2022,14545,Madrid,France,Agency
06-06-2022,12834,Madrid,Germany,Walk-in
07-06-2022,11996,Madrid,USA,Walk-in
08-06-2022,11649,Madrid,Italy,Agency
09-06-2022,11444,Madrid,Italy,Walk-in
10-06-2022,11467,Madrid,USA,Agency
11-06-2022,11269,Madrid,UK,Walk-in
12-06-2022,11099,Madrid,France,Agency
13-06-2022,7915,Madrid,France,Walk-in
14-06-2022,10513,Madrid,USA,Walk-in
15-06-2022,10721,Madrid,Germany,Online
16-06-2022,9972,Madrid,UK,Agency
17-06-2022,10276,Madrid,Germany,Online
18-06-2022,11576,Madrid,USA,Walk-in
19-06-2022,12290,Madrid,USA,Agency
20-06-2022,11602,Madrid,Germany,Agency
21-06-2022,12281,Madrid,Italy,Walk-in
22-06-2022,12321,Madrid,USA,Walk-in
23-06-2022,10746,Madrid,UK,Walk-in
24-06-2022,11997,Madrid,Germany,Walk-in
25-06-2022,8604,Madrid,Italy,Agency
26-06-2022,10661,Madrid,Germany,Online
27-06-2022,10498,Madrid,Italy,Agency
28-06-2022,13562,Madrid,Italy,Agency
29-06-2022,11785,Madrid,UK,Agency
30-06-2022,9291,Madrid,USA,Agency
01-07-2022,12198,Madrid,Italy,Walk-in
02-07-2022,12685,Madrid,USA,Online
03-07-2022,11200,Madrid,UK,Agency
04-07-2022,12383,Madrid,USA,Agency
05-07-2022,7618,Madrid,France,Online
06-07-2022,7326,Madrid,Italy,Walk-in
07-07-2022,9620,Madrid,UK,Agency
08-07-2022,11626,Madrid,Germany,Walk-in
09-07-2022,13714,Madrid,UK,Agency
10-07-2022,9739,Madrid,Italy,Agency
11-07-2022,10162,Madrid,UK,Online
12-07-2022,11588,Madrid,Germany,Online
13-07-2022,10730,Madrid,France,Walk-in
14-07-2022,10658,Madrid,Italy,Agency
15-07-2022,10863,Madrid,Italy,Walk-in
16-07-2022,13481,Madrid,UK,Online
17-07-2022,13196,Madrid,USA,Online
18-07-2022,11570,Madrid,USA,Online
19-07-2022,14029,Madrid,Germany,Online
20-07-2022,12324,Madrid,France,Online
21-07-2022,13304,Madrid,France,Walk-in
22-07-2022,10296,Madrid,UK,Walk-in
23-07-2022,10619,Madrid,UK,Online
24-07-2022,10616,Madrid,USA,Agency
25-07-2022,11495,Madrid,France,Agency
26-07-2022,11728,Madrid,France,Agency
27-07-2022,12137,Madrid,France,Agency
28-07-2022,14623,Madrid,Germany,Agency
29-07-2022,12758,Madrid,Germany,Online
30-07-2022,10916,Madrid,UK,Walk-in
31-07-2022,11696,Madrid,USA,Online
01-08-2022,13971,Madrid,Italy,Agency
02-08-2022,12898,Madrid,USA,Agency
03-08-2022,13976,Madrid,Germany,Walk-in
04-08-2022,11026,Madrid,Germany,Online
05-08-2022,10695,Madrid,UK,Walk-in
06-08-2022,10729,Madrid,Italy,Agency
07-08-2022,11184,Madrid,France,Agency
08-08-2022,10204,Madrid,Italy,Walk-in
09-08-2022,12254,Madrid,Italy,Agency
10-08-2022,12292,Madrid,Italy,Online
11-08-2022,13843,Madrid,UK,Agency
12-08-2022,9207,Madrid,Germany,Agency
13-08-2022,10443,Madrid,France,Online
14-08-2022,13079,Madrid,Italy,Agency
15-08-2022,12158,Madrid,France,Walk-in
16-08-2022,11961,Madrid,Italy,Walk-in
17-08-2022,13802,Madrid,Germany,Agency
18-08-2022,10403,Madrid,France,Online
19-08-2022,10836,Madrid,USA,Online
20-08-2022,10671,Madrid,Germany,Walk-in
21-08-2022,8933,Madrid,France,Agency
22-08-2022,12163,Madrid,Italy,Online
23-08-2022,11191,Madrid,Italy,Online
24-08-2022,10887,Madrid,Germany,Walk-in
25-08-2022,10627,Madrid,Germany,Walk-in
26-08-2022,11982,Madrid,Italy,Online
27-08-2022,10822,Madrid,France,Walk-in
28-08-2022,12363,Madrid,USA,Online
29-08-2022,12731,Madrid,UK,Agency
30-08-2022,11611,Madrid,Germany,Walk-in
31-08-2022,11520,Madrid,Italy,Walk-in
01-09-2022,12353,Madrid,France,Agency
02-09-2022,12043,Madrid,Germany,Online
03-09-2022,14092,Madrid,France,Online
04-09-2022,12585,Madrid,Germany,Walk-in
05-09-2022,13762,Madrid,Italy,Online
06-09-2022,13045,Madrid,France,Online
07-09-2022,10162,Madrid,Italy,Agency
08-09-2022,11313,Madrid,France,Agency
09-09-2022,12088,Madrid,Germany,Agency
10-09-2022,13474,Madrid,UK,Walk-in
11-09-2022,15073,Madrid,UK,Agency
12-09-2022,11466,Madrid,USA,Agency
13-09-2022,12285,Madrid,USA,Online
14-09-2022,13412,Madrid,Italy,Agency
15-09-2022,12136,Madrid,France,Walk-in
16-09-2022,14699,Madrid,USA,Agency
17-09-2022,10221,Madrid,Germany,Walk-in
18-09-2022,13270,Madrid,UK,Online
19-09-2022,13265,Madrid,France,Online
20-09-2022,14001,Madrid,UK,Agency
21-09-2022,12375,Madrid,France,Online
22-09-2022,13629,Madrid,USA,Agency
23-09-2022,11928,Madrid,USA,Online
24-09-2022,11110,Madrid,Italy,Walk-in
25-09-2022,10900,Madrid,France,Online
26-09-2022,10169,Madrid,Germany,Agency
27-09-2022,11678,Madrid,USA,Agency
28-09-2022,12817,Madrid,Italy,Agency
29-09-2022,12047,Madrid,USA,Walk-in
30-09-2022,12665,Madrid,UK,Online
01-10-2022,14230,Madrid,USA,Agency
02-10-2022,11611,Madrid,France,Walk-in
03-10-2022,15907,Madrid,Italy,Walk-in
04-10-2022,13538,Madrid,France,Walk-in
05-10-2022,12119,Madrid,Germany,Online
06-10-2022,12094,Madrid,Germany,Online
07-10-2022,10920,Madrid,USA,Online
08-10-2022,12403,Madrid,Italy,Walk-in
09-10-2022,9208,Madrid,Italy,Online
10-10-2022,14343,Madrid,Italy,Agency
11-10-2022,8243,Madrid,Italy,Walk-in
12-10-2022,12539,Madrid,USA,Online
13-10-2022,10769,Madrid,France,Walk-in
14-10-2022,11442,Madrid,USA,Walk-in
15-10-2022,11644,Madrid,France,Online
16-10-2022,15399,Madrid,UK,Walk-in
17-10-2022,10864,Madrid,UK,Online
18-10-2022,13898,Madrid,France,Online
19-10-2022,14276,Madrid,USA,Online
20-10-2022,9036,Madrid,Germany,Walk-in
21-10-2022,11629,Madrid,USA,Walk-in
22-10-2022,14786,Madrid,Germany,Online
23-10-2022,10596,Madrid,USA,Walk-in
24-10-2022,14373,Madrid,Italy,Online
25-10-2022,12557,Madrid,Italy,Agency
26-10-2022,12500,Madrid,UK,Walk-in
27-10-2022,12704,Madrid,UK,Walk-in
28-10-2022,13121,Madrid,France,Agency
29-10-2022,11181,Madrid,Germany,Agency
30-10-2022,12232,Madrid,Italy,Agency
31-10-2022,13186,Madrid,USA,Online
01-11-2022,12903,Madrid,France,Online
02-11-2022,13169,Madrid,USA,Agency
03-11-2022,11574,Madrid,Italy,Online
04-11-2022,13608,Madrid,Italy,Walk-in
05-11-2022,12857,Madrid,Italy,Agency
06-11-2022,10303,Madrid,Italy,Walk-in
07-11-2022,11884,Madrid,USA,Online
08-11-2022,11345,Madrid,France,Agency
09-11-2022,11333,Madrid,Italy,Online
10-11-2022,11988,Madrid,UK,Walk-in
11-11-2022,13629,Madrid,France,Online
12-11-2022,11776,Madrid,UK,Walk-in
13-11-2022,13060,Madrid,USA,Online
14-11-2022,12821,Madrid,Italy,Walk-in
15-11-2022,11568,Madrid,France,Online
16-11-2022,12226,Madrid,Italy,Agency
17-11-2022,14047,Madrid,Italy,Agency
18-11-2022,12981,Madrid,France,Online
19-11-2022,13586,Madrid,Italy,Walk-in
20-11-2022,14677,Madrid,Italy,Online
21-11-2022,13427,Madrid,Germany,Agency
22-11-2022,9900,Madrid,Germany,Walk-in
23-11-2022,13193,Madrid,France,Online
24-11-2022,11866,Madrid,France,Online
25-11-2022,15515,Madrid,Italy,Walk-in
26-11-2022,13405,Madrid,UK,Online
27-11-2022,11915,Madrid,France,Agency
28-11-2022,13667,Madrid,Italy,Agency
29-11-2022,12959,Madrid,UK,Walk-in
30-11-2022,10252,Madrid,Germany,Online
01-12-2022,14129,Madrid,France,Online
02-12-2022,12232,Madrid,Italy,Agency
03-12-2022,14977,Madrid,Germany,Walk-in
04-12-2022,12665,Madrid,USA,Walk-in
05-12-2022,15016,Madrid,Germany,Walk-in
06-12-2022,13500,Madrid,Italy,Agency
07-12-2022,14329,Madrid,UK,Agency
08-12-2022,12135,Madrid,USA,Walk-in
09-12-2022,13408,Madrid,USA,Walk-in
10-12-2022,10294,Madrid,USA,Online
11-12-2022,12698,Madrid,France,Online
12-12-2022,10667,Madrid,Italy,Walk-in
13-12-2022,11184,Madrid,USA,Agency
14-12-2022,11567,Madrid,Germany,Agency
15-12-2022,13899,Madrid,UK,Online
16-12-2022,12692,Madrid,Italy,Walk-in
17-12-2022,12965,Madrid,Germany,Agency
18-12-2022,12661,Madrid,France,Agency
19-12-2022,14548,Madrid,USA,Agency
20-12-2022,12938,Madrid,Germany,Agency
21-12-2022,13310,Madrid,Italy,Online
22-12-2022,12085,Madrid,Germany,Agency
23-12-2022,14669,Madrid,France,Agency
24-12-2022,14786,Madrid,UK,Walk-in
25-12-2022,12899,Madrid,USA,Walk-in
26-12-2022,12082,Madrid,Italy,Online
27-12-2022,10538,Madrid,USA,Online
28-12-2022,11663,Madrid,USA,Online
29-12-2022,9720,Madrid,USA,Online
30-12-2022,11608,Madrid,Germany,Agency
31-12-2022,13514,Madrid,Germany,Walk-in
01-01-2023,12906,Madrid,UK,Agency
02-01-2023,16471,Madrid,France,Agency
03-01-2023,12433,Madrid,Italy,Agency
04-01-2023,12320,Madrid,Germany,Walk-in
05-01-2023,14591,Madrid,USA,Online
06-01-2023,10110,Madrid,France,Online
07-01-2023,10781,Madrid,Italy,Walk-in
08-01-2023,14003,Madrid,Italy,Walk-in
09-01-2023,12718,Madrid,Italy,Online
10-01-2023,12755,Madrid,Italy,Agency
11-01-2023,11612,Madrid,UK,Online
12-01-2023,13380,Madrid,Italy,Walk-in
13-01-2023,11812,Madrid,France,Online
14-01-2023,13136,Madrid,Germany,Online
15-01-2023,11292,Madrid,France,Online
16-01-2023,12759,Madrid,USA,Walk-in
17-01-2023,16073,Madrid,UK,Walk-in
18-01-2023,12401,Madrid,UK,Online
19-01-2023,12844,Madrid,USA,Online
20-01-2023,12740,Madrid,France,Agency
21-01-2023,13309,Madrid,France,Agency
22-01-2023,13752,Madrid,USA,Online
23-01-2023,13438,Madrid,Italy,Walk-in
24-01-2023,13473,Madrid,Italy,Agency
25-01-2023,12786,Madrid,Germany,Online
26-01-2023,13210,Madrid,France,Agency
27-01-2023,12741,Madrid,France,Agency
28-01-2023,10345,Madrid,USA,Agency
29-01-2023,17012,Madrid,USA,Walk-in
30-01-2023,14161,Madrid,Italy,Online
31-01-2023,11601,Madrid,France,Walk-in
01-02-2023,13418,Madrid,France,Walk-in
02-02-2023,11055,Madrid,UK,Agency
03-02-2023,12335,Madrid,Germany,Online
04-02-2023,10855,Madrid,Germany,Agency
05-02-2023,13003,Madrid,Italy,Walk-in
06-02-2023,10710,Madrid,France,Walk-in
07-02-2023,13666,Madrid,UK,Online
08-02-2023,14109,Madrid,France,Walk-in
09-02-2023,11846,Madrid,USA,Walk-in
10-02-2023,13330,Madrid,Italy,Online
11-02-2023,11770,Madrid,Germany,Agency
12-02-2023,13859,Madrid,France,Online
13-02-2023,12060,Madrid,Italy,Walk-in
14-02-2023,14277,Madrid,Germany,Online
15-02-2023,10378,Madrid,France,Agency
16-02-2023,11589,Madrid,UK,Walk-in
17-02-2023,11434,Madrid,Italy,Agency
18-02-2023,13404,Madrid,France,Agency
19-02-2023,13932,Madrid,Germany,Online
20-02-2023,13522,Madrid,Germany,Agency
21-02-2023,12338,Madrid,UK,Online
22-02-2023,8910,Madrid,Italy,Online
23-02-2023,13161,Madrid,Italy,Agency
24-02-2023,14286,Madrid,France,Online
25-02-2023,17126,Madrid,Germany,Online
26-02-2023,12469,Madrid,Germany,Agency
27-02-2023,12108,Madrid,UK,Walk-in
28-02-2023,13587,Madrid,UK,Online
01-03-2023,12723,Madrid,Italy,Online
02-03-2023,15021,Madrid,Germany,Agency
03-03-2023,11896,Madrid,France,Online
04-03-2023,12735,Madrid,USA,Agency
05-03-2023,14423,Madrid,France,Walk-in
06-03-2023,13571,Madrid,UK,Walk-in
07-03-2023,14851,Madrid,France,Agency
08-03-2023,12454,Madrid,Germany,Walk-in
09-03-2023,15004,Madrid,Italy,Agency
10-03-2023,10613,Madrid,USA,Online
11-03-2023,10673,Madrid,Italy,Walk-in
12-03-2023,15028,Madrid,USA,Online
13-03-2023,13120,Madrid,USA,Online
14-03-2023,14490,Madrid,Germany,Agency
15-03-2023,13258,Madrid,Germany,Walk-in
16-03-2023,13098,Madrid,UK,Walk-in
17-03-2023,11116,Madrid,UK,Online
18-03-2023,13067,Madrid,USA,Online
19-03-2023,15149,Madrid,UK,Agency
20-03-2023,13192,Madrid,Germany,Walk-in
21-03-2023,14129,Madrid,UK,Agency
22-03-2023,14087,Madrid,USA,Agency
23-03-2023,11586,Madrid,Italy,Agency
24-03-2023,14390,Madrid,France,Walk-in
25-03-2023,12633,Madrid,UK,Agency
26-03-2023,12713,Madrid,Germany,Walk-in
27-03-2023,16248,Madrid,Italy,Agency
28-03-2023,13997,Madrid,Germany,Online
29-03-2023,12142,Madrid,UK,Agency
30-03-2023,13196,Madrid,USA,Agency
31-03-2023,13153,Madrid,France,Walk-in
01-04-2023,15626,Madrid,France,Online
02-04-2023,13155,Madrid,Italy,Online
03-04-2023,16406,Madrid,France,Walk-in
04-04-2023,11148,Madrid,USA,Walk-in
05-04-2023,13043,Madrid,Germany,Online
06-04-2023,11946,Madrid,USA,Walk-in
07-04-2023,12347,Madrid,Italy,Online
08-04-2023,12378,Madrid,Italy,Agency
09-04-2023,12019,Madrid,France,Agency
10-04-2023,15680,Madrid,USA,Online
11-04-2023,15217,Madrid,Germany,Online
12-04-2023,13686,Madrid,USA,Agency
13-04-2023,12369,Madrid,Germany,Agency
14-04-2023,12054,Madrid,Germany,Online
15-04-2023,14189,Madrid,USA,Walk-in
16-04-2023,13525,Madrid,UK,Walk-in
17-04-2023,12856,Madrid,USA,Online
18-04-2023,13883,Madrid,Germany,Walk-in
19-04-2023,14406,Madrid,Italy,Agency
20-04-2023,12836,Madrid,Italy,Agency
21-04-2023,11884,Madrid,France,Walk-in
22-04-2023,11082,Madrid,Italy,Online
23-04-2023,13437,Madrid,UK,Agency
24-04-2023,16310,Madrid,Germany,Agency
25-04-2023,11391,Madrid,USA,Agency
26-04-2023,14704,Madrid,USA,Walk-in
27-04-2023,12039,Madrid,UK,Online
28-04-2023,12339,Madrid,Italy,Walk-in
29-04-2023,14420,Madrid,Germany,Online
30-04-2023,12662,Madrid,Italy,Online
01-05-2023,13415,Madrid,France,Walk-in
02-05-2023,13384,Madrid,Italy,Agency
03-05-2023,12027,Madrid,France,Online
04-05-2023,14378,Madrid,USA,Walk-in
05-05-2023,12940,Madrid,Germany,Agency
06-05-2023,10947,Madrid,France,Online
07-05-2023,11689,Madrid,Italy,Online
08-05-2023,8350,Madrid,Italy,Agency
09-05-2023,13100,Madrid,USA,Online
10-05-2023,14975,Madrid,UK,Walk-in
11-05-2023,11446,Madrid,UK,Online
12-05-2023,13892,Madrid,Italy,Online
13-05-2023,13656,Madrid,UK,Agency
14-05-2023,11880,Madrid,Germany,Walk-in
15-05-2023,15309,Madrid,UK,Agency
16-05-2023,12593,Madrid,Germany,Walk-in
17-05-2023,16014,Madrid,Italy,Agency
18-05-2023,10542,Madrid,Italy,Online
19-05-2023,12589,Madrid,Italy,Walk-in
20-05-2023,12764,Madrid,USA,Walk-in
21-05-2023,12925,Madrid,UK,Online
22-05-2023,14057,Madrid,France,Agency
23-05-2023,18077,Madrid,France,Walk-in
24-05-2023,13659,Madrid,Italy,Online
25-05-2023,13009,Madrid,UK,Online
26-05-2023,11325,Madrid,Germany,Walk-in
27-05-2023,10131,Madrid,France,Walk-in
28-05-2023,14718,Madrid,Italy,Walk-in
29-05-2023,12139,Madrid,France,Online
30-05-2023,16862,Madrid,France,Agency
31-05-2023,14254,Madrid,France,Agency
01-06-2023,13461,Madrid,Italy,Walk-in
02-06-2023,13536,Madrid,Italy,Online
03-06-2023,13547,Madrid,USA,Online
04-06-2023,11895,Madrid,USA,Walk-in
05-06-2023,10306,Madrid,USA,Online
06-06-2023,12104,Madrid,France,Online
07-06-2023,12898,Madrid,UK,Online
08-06-2023,11950,Madrid,Italy,Walk-in
09-06-2023,10989,Madrid,USA,Walk-in
10-06-2023,11792,Madrid,UK,Walk-in
11-06-2023,14464,Madrid,USA,Agency
12-06-2023,14029,Madrid,USA,Agency
13-06-2023,13160,Madrid,UK,Walk-in
14-06-2023,13779,Madrid,USA,Online
15-06-2023,11197,Madrid,France,Online
16-06-2023,11697,Madrid,France,Walk-in
17-06-2023,13353,Madrid,France,Online
18-06-2023,11375,Madrid,Germany,Online
19-06-2023,13041,Madrid,USA,Agency
20-06-2023,10980,Madrid,Germany,Online
21-06-2023,10395,Madrid,Italy,Online
22-06-2023,13969,Madrid,UK,Walk-in
23-06-2023,14402,Madrid,Italy,Agency
24-06-2023,11911,Madrid,Germany,Agency
25-06-2023,10572,Madrid,France,Online
26-06-2023,9536,Madrid,USA,Walk-in
27-06-2023,15607,Madrid,USA,Agency
28-06-2023,13006,Madrid,France,Agency
29-06-2023,11923,Madrid,USA,Online
30-06-2023,12285,Madrid,UK,Agency
01-07-2023,9956,Madrid,UK,Walk-in
02-07-2023,13751,Madrid,UK,Walk-in
03-07-2023,15817,Madrid,Italy,Agency
04-07-2023,11638,Madrid,France,Walk-in
05-07-2023,16383,Madrid,UK,Walk-in
06-07-2023,12629,Madrid,Germany,Online
07-07-2023,15299,Madrid,UK,Agency
08-07-2023,13255,Madrid,Italy,Agency
09-07-2023,13248,Madrid,Germany,Online
10-07-2023,15550,Madrid,France,Online
11-07-2023,13954,Madrid,France,Online
12-07-2023,13337,Madrid,UK,Online
13-07-2023,9858,Madrid,Germany,Walk-in
14-07-2023,10505,Madrid,Germany,Walk-in
15-07-2023,13449,Madrid,UK,Online
16-07-2023,14958,Madrid,UK,Agency
17-07-2023,12944,Madrid,USA,Agency
18-07-2023,11859,Madrid,USA,Agency
19-07-2023,9983,Madrid,UK,Online
20-07-2023,11561,Madrid,Italy,Walk-in
21-07-2023,12928,Madrid,USA,Walk-in
22-07-2023,11442,Madrid,UK,Walk-in
23-07-2023,11275,Madrid,Germany,Walk-in
24-07-2023,12640,Madrid,USA,Agency
25-07-2023,14884,Madrid,Italy,Agency
26-07-2023,13734,Madrid,France,Walk-in
27-07-2023,13130,Madrid,Germany,Online
28-07-2023,12979,Madrid,Italy,Walk-in
29-07-2023,13518,Madrid,Italy,Walk-in
30-07-2023,12521,Madrid,Italy,Online
31-07-2023,12065,Madrid,Germany,Walk-in
01-08-2023,13784,Madrid,Italy,Agency
02-08-2023,12333,Madrid,France,Online
03-08-2023,10883,Madrid,USA,Online
04-08-2023,14826,Madrid,Germany,Walk-in
05-08-2023,9851,Madrid,Italy,Agency
06-08-2023,14928,Madrid,UK,Agency
07-08-2023,13405,Madrid,USA,Agency
08-08-2023,11186,Madrid,Germany,Walk-in
09-08-2023,12671,Madrid,UK,Walk-in
10-08-2023,11986,Madrid,UK,Agency
11-08-2023,13836,Madrid,Italy,Walk-in
12-08-2023,13801,Madrid,Germany,Agency
13-08-2023,13306,Madrid,Italy,Walk-in
14-08-2023,13728,Madrid,France,Online
15-08-2023,12431,Madrid,UK,Online
16-08-2023,15240,Madrid,France,Walk-in
17-08-2023,14428,Madrid,Italy,Walk-in
18-08-2023,11872,Madrid,USA,Agency
19-08-2023,13798,Madrid,UK,Online
20-08-2023,13662,Madrid,USA,Agency
21-08-2023,12182,Madrid,Germany,Walk-in
22-08-2023,12059,Madrid,UK,Agency
23-08-2023,14382,Madrid,France,Agency
24-08-2023,12533,Madrid,USA,Walk-in
25-08-2023,12940,Madrid,Germany,Online
26-08-2023,14646,Madrid,UK,Agency
27-08-2023,16339,Madrid,Germany,Walk-in
28-08-2023,11744,Madrid,France,Agency
29-08-2023,12197,Madrid,UK,Walk-in
30-08-2023,12634,Madrid,Germany,Walk-in
31-08-2023,12662,Madrid,Italy,Walk-in
01-09-2023,13076,Madrid,UK,Online
02-09-2023,11771,Madrid,UK,Online
03-09-2023,10602,Madrid,UK,Walk-in
04-09-2023,15126,Madrid,UK,Online
05-09-2023,13408,Madrid,Italy,Agency
06-09-2023,11857,Madrid,France,Online
07-09-2023,13135,Madrid,Italy,Online
08-09-2023,15223,Madrid,Italy,Agency
09-09-2023,11286,Madrid,Germany,Agency
10-09-2023,12779,Madrid,USA,Agency
11-09-2023,10372,Madrid,USA,Walk-in
12-09-2023,12274,Madrid,Germany,Agency
13-09-2023,13371,Madrid,Italy,Agency
14-09-2023,10769,Madrid,Germany,Agency
15-09-2023,12155,Madrid,UK,Walk-in
16-09-2023,13630,Madrid,Germany,Online
17-09-2023,13308,Madrid,Germany,Walk-in
18-09-2023,10682,Madrid,UK,Online
19-09-2023,12974,Madrid,USA,Agency
20-09-2023,13246,Madrid,UK,Walk-in
21-09-2023,12564,Madrid,France,Walk-in
22-09-2023,14031,Madrid,Germany,Online
23-09-2023,11507,Madrid,Germany,Walk-in
24-09-2023,13005,Madrid,USA,Walk-in
25-09-2023,10633,Madrid,Italy,Online
26-09-2023,9974,Madrid,UK,Walk-in
27-09-2023,13541,Madrid,Italy,Walk-in
28-09-2023,12395,Madrid,France,Agency
29-09-2023,11664,Madrid,UK,Agency
30-09-2023,10756,Madrid,France,Agency
01-10-2023,13588,Madrid,France,Agency
02-10-2023,10080,Madrid,France,Agency
03-10-2023,13826,Madrid,UK,Walk-in
04-10-2023,13008,Madrid,UK,Walk-in
05-10-2023,10139,Madrid,USA,Agency
06-10-2023,12510,Madrid,Germany,Online
07-10-2023,16296,Madrid,Italy,Agency
08-10-2023,14094,Madrid,Italy,Walk-in
09-10-2023,11062,Madrid,France,Online
10-10-2023,13374,Madrid,UK,Agency
11-10-2023,10170,Madrid,UK,Online
12-10-2023,10231,Madrid,France,Agency
13-10-2023,12182,Madrid,Germany,Walk-in
14-10-2023,13105,Madrid,Italy,Agency
15-10-2023,13489,Madrid,USA,Online
16-10-2023,13505,Madrid,Germany,Walk-in
17-10-2023,13004,Madrid,UK,Agency
18-10-2023,9835,Madrid,France,Agency
19-10-2023,12159,Madrid,Italy,Agency
20-10-2023,13699,Madrid,France,Agency
21-10-2023,12905,Madrid,UK,Walk-in
22-10-2023,12508,Madrid,France,Walk-in
23-10-2023,12724,Madrid,Italy,Agency
24-10-2023,12693,Madrid,France,Walk-in
25-10-2023,9272,Madrid,Italy,Online
26-10-2023,13946,Madrid,France,Walk-in
27-10-2023,12043,Madrid,France,Online
28-10-2023,13265,Madrid,Italy,Online
29-10-2023,8740,Madrid,France,Walk-in
30-10-2023,14685,Madrid,Germany,Agency
31-10-2023,10453,Madrid,USA,Walk-in
01-11-2023,15995,Madrid,Germany,Online
02-11-2023,15357,Madrid,USA,Online
03-11-2023,10185,Madrid,Germany,Walk-in
04-11-2023,13393,Madrid,USA,Online
05-11-2023,10637,Madrid,France,Walk-in
06-11-2023,11198,Madrid,Italy,Walk-in
07-11-2023,11227,Madrid,Italy,Agency
08-11-2023,12819,Madrid,UK,Online
09-11-2023,12629,Madrid,USA,Walk-in
10-11-2023,10335,Madrid,UK,Online
11-11-2023,12792,Madrid,UK,Walk-in
12-11-2023,11821,Madrid,USA,Walk-in
13-11-2023,9391,Madrid,Italy,Agency
14-11-2023,11466,Madrid,USA,Walk-in
15-11-2023,14603,Madrid,France,Agency
16-11-2023,11507,Madrid,UK,Online
17-11-2023,9349,Madrid,UK,Agency
18-11-2023,13319,Madrid,USA,Agency
19-11-2023,10702,Madrid,UK,Online
20-11-2023,12410,Madrid,Italy,Agency
21-11-2023,11825,Madrid,UK,Agency
22-11-2023,14721,Madrid,USA,Walk-in
23-11-2023,11817,Madrid,Italy,Agency
24-11-2023,10352,Madrid,Italy,Walk-in
25-11-2023,11361,Madrid,UK,Agency
26-11-2023,10216,Madrid,USA,Online
27-11-2023,11741,Madrid,UK,Online
28-11-2023,14705,Madrid,France,Agency
29-11-2023,13918,Madrid,France,Walk-in
30-11-2023,15103,Madrid,Italy,Agency
01-12-2023,12755,Madrid,UK,Walk-in
02-12-2023,12246,Madrid,France,Agency
03-12-2023,10530,Madrid,Germany,Online
04-12-2023,12427,Madrid,France,Online
05-12-2023,11823,Madrid,UK,Walk-in
06-12-2023,13182,Madrid,UK,Agency
07-12-2023,10326,Madrid,France,Walk-in
08-12-2023,12084,Madrid,UK,Online
09-12-2023,9640,Madrid,UK,Walk-in
10-12-2023,12503,Madrid,Germany,Agency
11-12-2023,13006,Madrid,Italy,Walk-in
12-12-2023,9555,Madrid,UK,Agency
13-12-2023,9974,Madrid,USA,Agency
14-12-2023,10035,Madrid,Italy,Online
15-12-2023,11708,Madrid,Italy,Agency
16-12-2023,9874,Madrid,USA,Agency
17-12-2023,14034,Madrid,France,Agency
18-12-2023,12617,Madrid,Germany,Walk-in
19-12-2023,12857,Madrid,UK,Online
20-12-2023,9571,Madrid,France,Walk-in
21-12-2023,13890,Madrid,USA,Walk-in
22-12-2023,12921,Madrid,Germany,Online
23-12-2023,10919,Madrid,Germany,Walk-in
24-12-2023,9626,Madrid,Germany,Walk-in
25-12-2023,11820,Madrid,USA,Agency
26-12-2023,11231,Madrid,France,Walk-in
27-12-2023,11289,Madrid,UK,Online
28-12-2023,10865,Madrid,Germany,Walk-in
29-12-2023,13001,Madrid,Germany,Agency
30-12-2023,8014,Madrid,France,Walk-in
31-12-2023,14056,Madrid,Germany,Online
